date,kospi,fx,cds,spread,kospi_6m_avg,kospi_gap_pct,fx_6m_avg,fx_gap_pct
2018-05-04,2461.00,1077.20,43,60.0,,,,
2018-05-08,2450.00,1076.50,42,59.0,,,,
2018-05-09,2444.00,1080.90,43,59.0,,,,
2018-05-10,2464.00,1073.10,42,60.0,,,,
2018-05-11,2478.00,1069.30,41,60.0,,,,
2018-05-14,2476.00,1068.00,40,60.0,,,,
2018-05-15,2459.00,1073.80,41,60.0,,,,
2018-05-16,2460.00,1077.60,42,60.0,,,,
2018-05-17,2448.00,1081.20,45,61.0,,,,
2018-05-18,2461.00,1077.60,44,61.0,,,,
2018-05-21,2466.00,1085.40,44,61.0,,,,
2018-05-23,2472.00,1080.70,43,61.0,,,,
2018-05-24,2466.00,1079.60,44,63.0,,,,
2018-05-25,2461.00,1078.00,47,62.0,,,,
2018-05-28,2479.00,1074.20,45,62.0,,,,
2018-05-29,2457.00,1076.80,44,62.0,,,,
2018-05-30,2409.00,1080.90,46,63.0,,,,
2018-05-31,2423.00,1077.70,46,62.0,,,,
2018-06-01,2439.00,1075.00,44,62.0,2457.44,-0.75,1077.14,-0.20
2018-06-04,2448.00,1071.90,43,62.0,2457.44,-0.38,1077.14,-0.49
2018-06-05,2454.00,1070.70,43,63.0,2457.44,-0.14,1077.14,-0.60
2018-06-07,2471.00,1069.00,43,62.0,2457.44,0.55,1077.14,-0.76
2018-06-08,2452.00,1075.90,43,63.0,2457.44,-0.22,1077.14,-0.12
2018-06-11,2470.00,1075.20,44,61.0,2457.44,0.51,1077.14,-0.18
2018-06-14,2423.00,1083.10,43,62.0,2457.44,-1.40,1077.14,0.55
2018-06-15,2404.00,1097.70,43,63.0,2457.44,-2.17,1077.14,1.91
2018-06-18,2376.00,1104.80,44,63.0,2457.44,-3.31,1077.14,2.57
2018-06-19,2340.00,1109.10,45,64.0,2457.44,-4.78,1077.14,2.97
2018-06-20,2364.00,1105.10,46,64.0,2457.44,-3.80,1077.14,2.60
2018-06-21,2338.00,1112.80,44,64.0,2457.44,-4.86,1077.14,3.31
2018-06-22,2357.00,1107.40,45,64.0,2457.44,-4.09,1077.14,2.81
2018-06-25,2358.00,1117.20,45,64.0,2457.44,-4.05,1077.14,3.72
2018-06-26,2351.00,1114.80,48,64.0,2457.44,-4.33,1077.14,3.50
2018-06-27,2342.00,1117.60,48,65.0,2457.44,-4.70,1077.14,3.76
2018-06-28,2314.00,1124.20,50,64.0,2457.44,-5.84,1077.14,4.37
2018-06-29,2326.00,1114.50,51,65.0,2457.44,-5.35,1077.14,3.47
2018-07-02,2272.00,1120.00,49,65.0,2423.92,-6.27,1087.07,3.03
2018-07-03,2273.00,1118.70,51,64.0,2423.92,-6.23,1087.07,2.91
2018-07-04,2265.00,1114.50,49,64.0,2423.92,-6.56,1087.07,2.52
2018-07-05,2258.00,1118.60,49,65.0,2423.92,-6.84,1087.07,2.90
2018-07-06,2273.00,1115.90,48,65.0,2423.92,-6.23,1087.07,2.65
2018-07-09,2286.00,1112.20,49,65.0,2423.92,-5.69,1087.07,2.31
2018-07-10,2294.00,1116.00,47,65.0,2423.92,-5.36,1087.07,2.66
2018-07-11,2281.00,1120.00,48,66.0,2423.92,-5.90,1087.07,3.03
2018-07-13,2311.00,1123.50,47,65.0,2423.92,-4.66,1087.07,3.35
2018-07-16,2302.00,1129.20,45,65.0,2423.92,-5.03,1087.07,3.88
2018-07-17,2298.00,1124.10,44,66.0,2423.92,-5.19,1087.07,3.41
2018-07-18,2290.00,1132.30,43,65.0,2423.92,-5.52,1087.07,4.16
2018-07-20,2289.00,1133.70,43,65.0,2423.92,-5.57,1087.07,4.29
2018-07-23,2269.00,1131.40,43,66.0,2423.92,-6.39,1087.07,4.08
2018-07-24,2280.00,1135.20,42,66.0,2423.92,-5.94,1087.07,4.43
2018-07-25,2273.00,1126.30,42,66.0,2423.92,-6.23,1087.07,3.61
2018-07-26,2289.00,1119.30,41,66.0,2423.92,-5.57,1087.07,2.96
2018-07-27,2295.00,1118.10,40,66.0,2423.92,-5.32,1087.07,2.85
2018-07-30,2294.00,1120.20,40,66.0,2423.92,-5.36,1087.07,3.05
2018-07-31,2295.00,1118.70,41,66.0,2423.92,-5.32,1087.07,2.91
2018-08-01,2307.00,1120.60,41,66.0,2374.07,-2.83,1099.69,1.90
2018-08-02,2270.00,1126.10,42,66.0,2374.07,-4.38,1099.69,2.40
2018-08-03,2288.00,1127.60,43,66.0,2374.07,-3.63,1099.69,2.54
2018-08-06,2287.00,1124.00,42,66.0,2374.07,-3.67,1099.69,2.21
2018-08-07,2300.00,1123.80,42,66.0,2374.07,-3.12,1099.69,2.19
2018-08-08,2301.00,1119.90,41,66.0,2374.07,-3.08,1099.69,1.84
2018-08-09,2304.00,1117.20,41,66.0,2374.07,-2.95,1099.69,1.59
2018-08-10,2283.00,1128.90,41,66.0,2374.07,-3.84,1099.69,2.66
2018-08-13,2248.50,1133.90,42,66.0,2374.07,-5.29,1099.69,3.11
2018-08-14,2258.90,1127.90,42,66.0,2374.07,-4.85,1099.69,2.57
2018-08-16,2241.00,1130.10,43,66.0,2374.07,-5.61,1099.69,2.77
2018-08-17,2247.00,1124.90,42,66.0,2374.07,-5.35,1099.69,2.29
2018-08-20,2248.00,1123.10,42,66.0,2374.07,-5.31,1099.69,2.13
2018-08-21,2270.00,1118.40,42,67.0,2374.07,-4.38,1099.69,1.70
2018-08-22,2273.00,1118.90,41,67.0,2374.07,-4.26,1099.69,1.75
2018-08-23,2283.00,1121.40,41,67.0,2374.07,-3.84,1099.69,1.97
2018-08-24,2293.00,1118.90,41,66.0,2374.07,-3.41,1099.69,1.75
2018-08-27,2299.00,1113.80,41,62.0,2374.07,-3.16,1099.69,1.28
2018-08-28,2303.00,1110.00,40,58.0,2374.07,-2.99,1099.69,0.94
2018-08-29,2309.00,1110.20,40,55.0,2374.07,-2.74,1099.69,0.96
2018-08-30,2307.00,1108.60,41,52.0,2374.07,-2.83,1099.69,0.81
2018-08-31,2323.00,1112.90,42,50.0,2374.07,-2.15,1099.69,1.20
2018-09-03,2307.00,1110.30,42,48.0,2348.61,-1.77,1105.69,0.42
2018-09-04,2316.00,1114.90,41,47.0,2348.61,-1.39,1105.69,0.83
2018-09-05,2292.00,1121.50,42,46.0,2348.61,-2.41,1105.69,1.43
2018-09-06,2288.00,1124.00,42,46.0,2348.61,-2.58,1105.69,1.66
2018-09-07,2282.00,1122.80,40,45.0,2348.61,-2.84,1105.69,1.55
2018-09-10,2289.00,1128.40,40,45.0,2348.61,-2.54,1105.69,2.05
2018-09-11,2283.00,1125.30,39,45.0,2348.61,-2.79,1105.69,1.77
2018-09-12,2283.00,1128.60,38,45.0,2348.61,-2.79,1105.69,2.07
2018-09-13,2286.00,1122.40,38,45.0,2348.61,-2.67,1105.69,1.51
2018-09-14,2318.00,1116.60,38,45.0,2348.61,-1.30,1105.69,0.99
2018-09-17,2303.00,1126.60,38,44.0,2348.61,-1.94,1105.69,1.89
2018-09-18,2309.00,1123.20,38,44.0,2348.61,-1.69,1105.69,1.58
2018-09-19,2308.00,1121.10,38,44.0,2348.61,-1.73,1105.69,1.39
2018-09-20,2323.00,1120.40,38,44.0,2348.61,-1.09,1105.69,1.33
2018-09-21,2339.00,1115.30,41,44.0,2348.61,-0.41,1105.69,0.87
2018-09-27,2355.00,1112.50,38,44.0,2348.61,0.27,1105.69,0.62
2018-09-28,2343.00,1109.30,37,44.0,2348.61,-0.24,1105.69,0.33
2018-10-01,2339.00,1111.80,37,44.0,2341.21,-0.09,1108.28,0.32
2018-10-02,2310.00,1119.20,36,44.0,2341.21,-1.33,1108.28,0.99
2018-10-04,2274.00,1129.90,37,44.0,2341.21,-2.87,1108.28,1.95
2018-10-05,2268.00,1130.40,38,44.0,2341.21,-3.13,1108.28,2.00
2018-10-08,2254.00,1132.70,39,44.0,2341.21,-3.73,1108.28,2.20
2018-10-10,2229.00,1134.00,40,44.0,2341.21,-4.79,1108.28,2.32
2018-10-11,2130.00,1144.40,40,45.0,2341.21,-9.02,1108.28,3.26
2018-10-12,2162.00,1131.40,40,44.0,2341.21,-7.65,1108.28,2.09
2018-10-15,2145.00,1134.30,40,44.0,2341.21,-8.38,1108.28,2.35
2018-10-16,2145.00,1128.00,40,43.0,2341.21,-8.38,1108.28,1.78
2018-10-17,2168.00,1126.50,39,44.0,2341.21,-7.40,1108.28,1.64
2018-10-18,2148.00,1135.20,39,44.0,2341.21,-8.25,1108.28,2.43
2018-10-19,2156.00,1132.10,40,44.0,2341.21,-7.91,1108.28,2.15
2018-10-22,2162.00,1128.40,40,44.0,2341.21,-7.65,1108.28,1.82
2018-10-23,2106.00,1137.60,39,44.0,2341.21,-10.05,1108.28,2.65
2018-10-24,2098.00,1132.30,40,44.0,2341.21,-10.39,1108.28,2.17
2018-10-25,2063.00,1138.00,40,45.0,2341.21,-11.88,1108.28,2.68
2018-10-26,2027.00,1141.90,40,44.0,2341.21,-13.42,1108.28,3.03
2018-10-29,1996.00,1141.40,41,45.0,2341.21,-14.75,1108.28,2.99
2018-10-30,2015.00,1139.20,40,45.0,2341.21,-13.93,1108.28,2.79
2018-10-31,2030.00,1139.60,41,45.0,2341.21,-13.29,1108.28,2.83
2018-11-01,2024.00,1138.10,40,45.0,2307.24,-12.28,1112.72,2.28
2018-11-02,2096.00,1121.60,40,45.0,2307.24,-9.16,1112.72,0.80
2018-11-05,2077.00,1123.50,41,45.0,2307.24,-9.98,1112.72,0.97
2018-11-06,2090.00,1123.80,41,46.0,2307.24,-9.42,1112.72,1.00
2018-11-07,2079.00,1123.30,40,46.0,2307.24,-9.89,1112.72,0.95
2018-11-08,2093.00,1117.30,40,45.0,2307.24,-9.29,1112.72,0.41
2018-11-09,2086.00,1128.30,40,46.0,2307.24,-9.59,1112.72,1.40
2018-11-12,2080.00,1133.90,40,46.0,2307.24,-9.85,1112.72,1.90
2018-11-13,2071.00,1133.30,40,46.0,2307.24,-10.24,1112.72,1.85
2018-11-14,2068.00,1134.30,42,47.0,2307.24,-10.37,1112.72,1.94
2018-11-15,2088.00,1129.20,42,47.0,2307.24,-9.50,1112.72,1.48
2018-11-16,2092.00,1128.50,42,46.0,2307.24,-9.33,1112.72,1.42
2018-11-19,2101.00,1128.60,43,47.0,2307.24,-8.94,1112.72,1.43
2018-11-20,2083.00,1125.80,43,47.0,2307.24,-9.72,1112.72,1.18
2018-11-21,2077.00,1131.60,46,46.0,2307.24,-9.98,1112.72,1.70
2018-11-22,2070.00,1129.20,43,47.0,2307.24,-10.28,1112.72,1.48
2018-11-23,2057.00,1130.50,43,48.0,2307.24,-10.85,1112.72,1.60
2018-11-26,2083.00,1128.90,44,48.0,2307.24,-9.72,1112.72,1.45
2018-11-27,2099.00,1129.40,42,47.0,2307.24,-9.03,1112.72,1.50
2018-11-28,2108.00,1126.50,42,47.0,2307.24,-8.64,1112.72,1.24
2018-11-29,2114.00,1119.20,41,47.0,2307.24,-8.38,1112.72,0.58
2018-11-30,2096.90,1121.20,41,47.0,2307.24,-9.12,1112.72,0.76
2018-12-03,2131.90,1110.70,40,47.0,2243.66,-4.98,1120.77,-0.90
2018-12-04,2114.40,1105.30,38,47.0,2243.66,-5.76,1120.77,-1.38
2018-12-05,2101.30,1114.10,39,47.0,2243.66,-6.35,1120.77,-0.60
2018-12-06,2068.70,1120.30,39,48.0,2243.66,-7.80,1120.77,-0.04
2018-12-07,2075.80,1119.80,39,48.0,2243.66,-7.48,1120.77,-0.09
2018-12-10,2054.00,1126.50,38,49.0,2243.66,-8.45,1120.77,0.51
2018-12-11,2053.00,1130.10,40,49.0,2243.66,-8.50,1120.77,0.83
2018-12-12,2083.00,1128.50,39,49.0,2243.66,-7.16,1120.77,0.69
2018-12-13,2096.00,1123.40,37,49.0,2243.66,-6.58,1120.77,0.23
2018-12-14,2069.00,1130.80,37,50.0,2243.66,-7.78,1120.77,0.89
2018-12-17,2071.00,1131.30,38,48.0,2243.66,-7.70,1120.77,0.94
2018-12-18,2062.00,1129.60,37,48.0,2243.66,-8.10,1120.77,0.79
2018-12-19,2079.00,1123.50,37,49.0,2243.66,-7.34,1120.77,0.24
2018-12-20,2060.00,1127.80,38,48.0,2243.66,-8.19,1120.77,0.63
2018-12-21,2061.00,1122.40,39,47.0,2243.66,-8.14,1120.77,0.15
2018-12-24,2055.00,1125.20,40,46.0,2243.66,-8.41,1120.77,0.40
2018-12-26,2028.00,1125.40,40,47.0,2243.66,-9.61,1120.77,0.41
2018-12-27,2028.00,1120.00,40,47.0,2243.66,-9.61,1120.77,-0.07
2018-12-28,2041.00,1115.70,39,47.0,2243.66,-9.03,1120.77,-0.45
2019-01-02,2010.00,1119.00,39,47.0,2194.58,-8.41,1124.60,-0.50
2019-01-03,1994.00,1127.70,40,47.0,2194.58,-9.14,1124.60,0.28
2019-01-04,2010.00,1124.50,41,46.0,2194.58,-8.41,1124.60,-0.01
2019-01-07,2037.00,1118.60,39,46.0,2194.58,-7.18,1124.60,-0.53
2019-01-08,2025.00,1124.10,40,46.0,2194.58,-7.73,1124.60,-0.04
2019-01-09,2065.00,1122.10,39,46.0,2194.58,-5.90,1124.60,-0.22
2019-01-10,2063.00,1118.30,38,46.0,2194.58,-6.00,1124.60,-0.56
2019-01-11,2076.00,1116.40,37,46.0,2194.58,-5.40,1124.60,-0.73
2019-01-14,2065.00,1123.00,36,46.0,2194.58,-5.90,1124.60,-0.14
2019-01-15,2097.00,1120.70,36,46.0,2194.58,-4.45,1124.60,-0.35
2019-01-16,2106.00,1120.10,36,46.0,2194.58,-4.04,1124.60,-0.40
2019-01-17,2107.00,1122.50,35,46.0,2194.58,-3.99,1124.60,-0.19
2019-01-18,2124.00,1121.90,35,46.0,2194.58,-3.22,1124.60,-0.24
2019-01-21,2125.00,1128.10,34,45.0,2194.58,-3.17,1124.60,0.31
2019-01-22,2118.00,1130.50,34,46.0,2194.58,-3.49,1124.60,0.52
2019-01-23,2128.00,1127.30,36,46.0,2194.58,-3.03,1124.60,0.24
2019-01-24,2145.00,1128.60,35,45.0,2194.58,-2.26,1124.60,0.36
2019-01-25,2178.00,1121.30,35,45.0,2194.58,-0.76,1124.60,-0.29
2019-01-28,2177.00,1117.70,34,45.0,2194.58,-0.80,1124.60,-0.61
2019-01-29,2183.00,1116.50,34,45.0,2194.58,-0.53,1124.60,-0.72
2019-01-30,2206.00,1116.30,34,44.0,2194.58,0.52,1124.60,-0.74
2019-01-31,2205.00,1112.70,33,45.0,2194.58,0.47,1124.60,-1.06
2019-02-01,2203.00,1118.80,32,45.0,2163.43,1.83,1124.45,-0.50
2019-02-07,2203.00,1124.10,32,45.0,2163.43,1.83,1124.45,-0.03
2019-02-08,2177.00,1123.90,33,44.0,2163.43,0.63,1124.45,-0.05
2019-02-11,2181.00,1124.70,34,45.0,2163.43,0.81,1124.45,0.02
2019-02-12,2190.00,1123.90,33,44.0,2163.43,1.23,1124.45,-0.05
2019-02-13,2201.00,1121.70,32,45.0,2163.43,1.74,1124.45,-0.24
2019-02-14,2226.00,1125.10,32,45.0,2163.43,2.89,1124.45,0.06
2019-02-15,2196.00,1128.70,32,45.0,2163.43,1.51,1124.45,0.38
2019-02-18,2211.00,1125.80,31,45.0,2163.43,2.20,1124.45,0.12
2019-02-19,2206.00,1128.20,32,45.0,2163.43,1.97,1124.45,0.33
2019-02-20,2230.00,1123.50,31,45.0,2163.43,3.08,1124.45,-0.08
2019-02-21,2229.00,1125.20,31,45.0,2163.43,3.03,1124.45,0.07
2019-02-22,2231.00,1125.20,31,45.0,2163.43,3.12,1124.45,0.07
2019-02-25,2233.00,1121.00,30,45.0,2163.43,3.22,1124.45,-0.31
2019-02-26,2227.00,1118.60,29,44.0,2163.43,2.94,1124.45,-0.52
2019-02-27,2235.00,1119.10,29,44.0,2163.43,3.31,1124.45,-0.48
2019-02-28,2195.00,1124.70,29,45.0,2163.43,1.46,1124.45,0.02
2019-03-04,2191.00,1124.90,29,45.0,2147.73,2.01,1124.98,-0.01
2019-03-05,2179.00,1125.50,29,44.0,2147.73,1.46,1124.98,0.05
2019-03-06,2176.00,1128.80,28,45.0,2147.73,1.32,1124.98,0.34
2019-03-07,2166.00,1129.00,28,45.0,2147.73,0.85,1124.98,0.36
2019-03-08,2137.00,1136.20,29,46.0,2147.73,-0.50,1124.98,1.00
2019-03-11,2138.00,1133.70,31,45.0,2147.73,-0.45,1124.98,0.77
2019-03-12,2157.00,1129.80,29,45.0,2147.73,0.43,1124.98,0.43
2019-03-13,2148.00,1132.60,29,45.0,2147.73,0.01,1124.98,0.68
2019-03-14,2156.00,1134.80,29,46.0,2147.73,0.39,1124.98,0.87
2019-03-15,2176.00,1137.30,29,46.0,2147.73,1.32,1124.98,1.09
2019-03-18,2179.00,1132.10,30,45.0,2147.73,1.46,1124.98,0.63
2019-03-19,2178.00,1130.60,29,45.0,2147.73,1.41,1124.98,0.50
2019-03-20,2177.00,1130.40,28,46.0,2147.73,1.36,1124.98,0.48
2019-03-21,2185.00,1127.70,32,46.0,2147.73,1.74,1124.98,0.24
2019-03-25,2145.00,1134.20,32,46.0,2147.73,-0.13,1124.98,0.82
2019-03-26,2149.00,1133.40,32,46.0,2147.73,0.06,1124.98,0.75
2019-03-27,2146.00,1134.50,32,47.0,2147.73,-0.08,1124.98,0.85
2019-03-28,2128.00,1136.80,34,47.0,2147.73,-0.92,1124.98,1.05
2019-03-29,2141.00,1135.10,34,47.0,2147.73,-0.31,1124.98,0.90
2019-04-01,2168.00,1133.70,34,47.0,2127.17,1.92,1126.77,0.62
2019-04-02,2177.00,1136.40,33,47.0,2127.17,2.34,1126.77,0.85
2019-04-03,2203.00,1134.30,34,47.0,2127.17,3.56,1126.77,0.67
2019-04-04,2207.00,1136.30,33,47.0,2127.17,3.75,1126.77,0.85
2019-04-05,2210.00,1136.60,34,47.0,2127.17,3.89,1126.77,0.87
2019-04-08,2211.00,1144.70,34,46.0,2127.17,3.94,1126.77,1.59
2019-04-09,2214.00,1142.10,33,47.0,2127.17,4.08,1126.77,1.36
2019-04-10,2224.00,1138.60,33,47.0,2127.17,4.55,1126.77,1.05
2019-04-11,2224.00,1139.40,34,47.0,2127.17,4.55,1126.77,1.12
2019-04-12,2233.00,1139.40,33,47.0,2127.17,4.98,1126.77,1.12
2019-04-15,2243.00,1133.10,32,47.0,2127.17,5.45,1126.77,0.56
2019-04-16,2249.00,1135.70,32,46.0,2127.17,5.73,1126.77,0.79
2019-04-17,2246.00,1134.80,32,47.0,2127.17,5.59,1126.77,0.71
2019-04-18,2235.00,1135.40,31,47.0,2127.17,5.07,1126.77,0.77
2019-04-19,2216.00,1136.90,32,47.0,2127.17,4.18,1126.77,0.90
2019-04-22,2217.00,1141.50,32,47.0,2127.17,4.22,1126.77,1.31
2019-04-24,2201.00,1150.90,32,47.0,2127.17,3.47,1126.77,2.14
2019-04-25,2191.00,1160.50,32,48.0,2127.17,3.00,1126.77,2.99
2019-04-26,2179.00,1161.00,33,47.0,2127.17,2.44,1126.77,3.04
2019-04-29,2216.00,1158.50,32,47.0,2127.17,4.18,1126.77,2.82
2019-04-30,2204.00,1168.20,31,47.0,2127.17,3.61,1126.77,3.68
2019-05-02,2213.00,1165.70,32,47.0,2137.53,3.53,1128.52,3.29
2019-05-03,2196.00,1170.00,32,46.0,2137.53,2.74,1128.52,3.68
2019-05-07,2177.00,1166.50,33,47.0,2137.53,1.85,1128.52,3.37
2019-05-08,2168.00,1169.40,34,46.0,2137.53,1.43,1128.52,3.62
2019-05-09,2102.00,1179.80,34,47.0,2137.53,-1.66,1128.52,4.54
2019-05-10,2108.00,1177.00,35,47.0,2137.53,-1.38,1128.52,4.30
2019-05-13,2079.00,1187.50,35,47.0,2137.53,-2.74,1128.52,5.23
2019-05-14,2082.00,1189.40,37,47.0,2137.53,-2.60,1128.52,5.40
2019-05-15,2093.00,1188.60,35,47.0,2137.53,-2.08,1128.52,5.32
2019-05-17,2056.00,1195.70,34,48.0,2137.53,-3.81,1128.52,5.95
2019-05-20,2056.00,1194.20,35,48.0,2137.53,-3.81,1128.52,5.82
2019-05-21,2061.00,1194.00,35,48.0,2137.53,-3.58,1128.52,5.80
2019-05-22,2065.00,1192.80,35,47.0,2137.53,-3.39,1128.52,5.70
2019-05-23,2060.00,1189.20,35,48.0,2137.53,-3.63,1128.52,5.38
2019-05-24,2045.00,1188.40,36,49.0,2137.53,-4.33,1128.52,5.31
2019-05-27,2044.00,1184.50,35,48.0,2137.53,-4.38,1128.52,4.96
2019-05-28,2049.00,1185.80,35,48.0,2137.53,-4.14,1128.52,5.08
2019-05-29,2023.00,1193.90,36,48.0,2137.53,-5.36,1128.52,5.79
2019-05-30,2039.00,1188.80,37,48.0,2137.53,-4.61,1128.52,5.34
2019-05-31,2042.00,1190.90,36,49.0,2137.53,-4.47,1128.52,5.53
2019-06-03,2068.00,1182.10,37,49.0,2139.22,-3.33,1138.20,3.86
2019-06-04,2067.00,1182.80,38,50.0,2139.22,-3.38,1138.20,3.92
2019-06-05,2069.00,1178.60,36,51.0,2139.22,-3.28,1138.20,3.55
2019-06-07,2072.00,1181.40,34,51.0,2139.22,-3.14,1138.20,3.80
2019-06-10,2099.00,1185.20,34,52.0,2139.22,-1.88,1138.20,4.13
2019-06-11,2112.00,1180.40,33,51.0,2139.22,-1.27,1138.20,3.71
2019-06-12,2109.00,1182.60,32,53.0,2139.22,-1.41,1138.20,3.90
2019-06-13,2103.00,1183.10,33,52.0,2139.22,-1.69,1138.20,3.94
2019-06-14,2095.00,1185.30,33,51.0,2139.22,-2.07,1138.20,4.14
2019-06-17,2089.00,1185.80,33,51.0,2139.22,-2.35,1138.20,4.18
2019-06-18,2099.00,1185.80,33,52.0,2139.22,-1.88,1138.20,4.18
2019-06-19,2125.00,1176.10,32,52.0,2139.22,-0.66,1138.20,3.33
2019-06-20,2131.00,1162.10,32,52.0,2139.22,-0.38,1138.20,2.10
2019-06-21,2126.00,1164.00,31,51.0,2139.22,-0.62,1138.20,2.27
2019-06-24,2126.00,1156.50,32,51.0,2139.22,-0.62,1138.20,1.61
2019-06-25,2122.00,1156.20,32,49.0,2139.22,-0.81,1138.20,1.58
2019-06-26,2122.00,1156.60,33,48.0,2139.22,-0.81,1138.20,1.62
2019-06-27,2134.00,1158.10,33,49.0,2139.22,-0.24,1138.20,1.75
2019-06-28,2131.00,1154.70,32,50.0,2139.22,-0.38,1138.20,1.45
2019-07-01,2130.00,1158.80,32,49.0,2144.87,-0.69,1146.40,1.08
2019-07-02,2122.00,1166.00,31,50.0,2144.87,-1.07,1146.40,1.71
2019-07-04,2109.00,1168.60,31,50.0,2144.87,-1.67,1146.40,1.94
2019-07-05,2111.00,1170.40,31,50.0,2144.87,-1.58,1146.40,2.09
2019-07-08,2064.00,1182.00,31,50.0,2144.87,-3.77,1146.40,3.11
2019-07-09,2052.00,1180.50,32,50.0,2144.87,-4.33,1146.40,2.97
2019-07-10,2059.00,1181.60,33,50.0,2144.87,-4.00,1146.40,3.07
2019-07-11,2081.00,1173.50,32,50.0,2144.87,-2.98,1146.40,2.36
2019-07-12,2087.00,1179.20,32,51.0,2144.87,-2.70,1146.40,2.86
2019-07-15,2082.00,1179.30,32,51.0,2144.87,-2.93,1146.40,2.87
2019-07-16,2092.00,1177.60,32,50.0,2144.87,-2.47,1146.40,2.72
2019-07-17,2073.00,1181.30,33,50.0,2144.87,-3.35,1146.40,3.04
2019-07-18,2067.00,1178.80,33,50.0,2144.87,-3.63,1146.40,2.83
2019-07-19,2094.00,1174.50,32,50.0,2144.87,-2.37,1146.40,2.45
2019-07-22,2093.00,1178.30,32,51.0,2144.87,-2.42,1146.40,2.78
2019-07-23,2101.00,1178.90,32,50.0,2144.87,-2.05,1146.40,2.84
2019-07-24,2082.00,1177.90,30,51.0,2144.87,-2.93,1146.40,2.75
2019-07-25,2074.00,1181.50,29,51.0,2144.87,-3.30,1146.40,3.06
2019-07-26,2066.00,1184.80,28,51.0,2144.87,-3.68,1146.40,3.35
2019-07-29,2029.00,1183.50,28,51.0,2144.87,-5.40,1146.40,3.24
2019-07-30,2039.00,1181.60,29,51.0,2144.87,-4.94,1146.40,3.07
2019-07-31,2025.00,1183.10,29,51.0,2144.87,-5.59,1146.40,3.20
2019-08-01,2017.00,1188.50,28,51.0,2140.53,-5.77,1156.77,2.74
2019-08-02,1998.00,1198.00,29,52.0,2140.53,-6.66,1156.77,3.56
2019-08-05,1947.00,1215.30,30,52.0,2140.53,-9.04,1156.77,5.06
2019-08-06,1918.00,1215.30,34,53.0,2140.53,-10.40,1156.77,5.06
2019-08-07,1910.00,1214.90,33,53.0,2140.53,-10.77,1156.77,5.03
2019-08-08,1921.00,1209.20,34,52.0,2140.53,-10.26,1156.77,4.53
2019-08-09,1938.00,1210.50,32,52.0,2140.53,-9.46,1156.77,4.64
2019-08-12,1942.00,1216.20,32,52.0,2140.53,-9.27,1156.77,5.14
2019-08-13,1926.00,1222.20,34,53.0,2140.53,-10.02,1156.77,5.66
2019-08-14,1938.00,1212.70,32,53.0,2140.53,-9.46,1156.77,4.84
2019-08-16,1927.00,1210.80,33,53.0,2140.53,-9.98,1156.77,4.67
2019-08-19,1940.00,1211.00,32,54.0,2140.53,-9.37,1156.77,4.69
2019-08-21,1960.00,1208.30,31,54.0,2140.53,-8.43,1156.77,4.45
2019-08-22,1951.00,1207.40,31,53.0,2140.53,-8.85,1156.77,4.38
2019-08-26,1916.00,1217.80,32,53.0,2140.53,-10.49,1156.77,5.28
2019-08-27,1930.00,1213.60,33,53.0,2140.53,-9.84,1156.77,4.91
2019-08-28,1941.00,1213.90,33,52.0,2140.53,-9.32,1156.77,4.94
2019-08-29,1933.00,1216.40,34,52.0,2140.53,-9.70,1156.77,5.15
2019-08-30,1968.00,1211.20,33,52.0,2140.53,-8.06,1156.77,4.71
2019-09-02,1969.00,1210.70,32,52.0,2099.42,-6.21,1170.08,3.47
2019-09-03,1966.00,1215.60,33,50.0,2099.42,-6.35,1170.08,3.89
2019-09-04,1989.00,1208.20,32,50.0,2099.42,-5.26,1170.08,3.26
2019-09-05,2005.00,1200.20,30,50.0,2099.42,-4.50,1170.08,2.57
2019-09-06,2009.00,1196.90,29,50.0,2099.42,-4.31,1170.08,2.29
2019-09-09,2020.00,1193.00,28,50.0,2099.42,-3.78,1170.08,1.96
2019-09-10,2032.00,1193.30,29,51.0,2099.42,-3.21,1170.08,1.98
2019-09-11,2049.00,1191.00,28,50.0,2099.42,-2.40,1170.08,1.79
2019-09-16,2062.00,1183.10,28,50.0,2099.42,-1.78,1170.08,1.11
2019-09-17,2062.00,1190.70,28,50.0,2099.42,-1.78,1170.08,1.76
2019-09-18,2072.00,1191.00,29,50.0,2099.42,-1.31,1170.08,1.79
2019-09-19,2079.00,1194.40,29,51.0,2099.42,-0.97,1170.08,2.08
2019-09-20,2092.00,1188.00,29,51.0,2099.42,-0.35,1170.08,1.53
2019-09-23,2092.00,1194.00,33,51.0,2099.42,-0.35,1170.08,2.04
2019-09-24,2101.00,1195.70,34,50.0,2099.42,0.08,1170.08,2.19
2019-09-25,2073.00,1198.80,34,51.0,2099.42,-1.26,1170.08,2.45
2019-09-26,2075.00,1198.80,35,51.0,2099.42,-1.16,1170.08,2.45
2019-09-27,2050.00,1199.90,34,51.0,2099.42,-2.35,1170.08,2.55
2019-09-30,2063.00,1196.20,34,51.0,2099.42,-1.73,1170.08,2.23
2019-10-01,2072.00,1199.00,33,50.0,2081.15,-0.44,1180.35,1.58
2019-10-04,2032.00,1206.00,34,51.0,2081.15,-2.36,1180.35,2.17
2019-10-07,2022.00,1196.60,34,51.0,2081.15,-2.84,1180.35,1.38
2019-10-08,2046.00,1193.10,34,51.0,2081.15,-1.69,1180.35,1.08
2019-10-10,2028.00,1196.20,34,50.0,2081.15,-2.55,1180.35,1.34
2019-10-11,2045.00,1188.80,33,51.0,2081.15,-1.74,1180.35,0.72
2019-10-14,2067.00,1184.90,32,51.0,2081.15,-0.68,1180.35,0.39
2019-10-15,2068.00,1185.20,32,51.0,2081.15,-0.63,1180.35,0.41
2019-10-16,2083.00,1187.80,32,51.0,2081.15,0.09,1180.35,0.63
2019-10-18,2061.00,1181.50,32,50.0,2081.15,-0.97,1180.35,0.10
2019-10-21,2065.00,1172.00,31,50.0,2081.15,-0.78,1180.35,-0.71
2019-10-22,2089.00,1169.70,31,51.0,2081.15,0.38,1180.35,-0.90
2019-10-23,2081.00,1172.40,30,50.0,2081.15,-0.01,1180.35,-0.67
2019-10-24,2086.00,1172.90,30,51.0,2081.15,0.23,1180.35,-0.63
2019-10-25,2088.00,1173.00,30,50.0,2081.15,0.33,1180.35,-0.62
2019-10-28,2094.00,1170.70,29,50.0,2081.15,0.62,1180.35,-0.82
2019-10-29,2093.00,1163.00,29,49.0,2081.15,0.57,1180.35,-1.47
2019-10-30,2080.00,1168.10,29,50.0,2081.15,-0.06,1180.35,-1.04
2019-10-31,2083.00,1163.40,29,50.0,2081.15,0.09,1180.35,-1.44
2019-11-01,2100.00,1165.60,30,51.0,2055.53,2.16,1187.19,-1.82
2019-11-04,2130.00,1159.20,28,50.0,2055.53,3.62,1187.19,-2.36
2019-11-05,2143.00,1157.50,28,51.0,2055.53,4.26,1187.19,-2.50
2019-11-06,2144.00,1156.90,27,50.0,2055.53,4.30,1187.19,-2.55
2019-11-07,2144.00,1159.30,27,51.0,2055.53,4.30,1187.19,-2.35
2019-11-08,2137.00,1157.50,27,50.0,2055.53,3.96,1187.19,-2.50
2019-11-11,2124.00,1166.80,27,51.0,2055.53,3.33,1187.19,-1.72
2019-11-12,2141.00,1160.80,28,50.0,2055.53,4.16,1187.19,-2.22
2019-11-13,2122.00,1167.80,27,51.0,2055.53,3.23,1187.19,-1.63
2019-11-14,2139.00,1169.70,28,50.0,2055.53,4.06,1187.19,-1.47
2019-11-15,2162.00,1166.60,28,51.0,2055.53,5.18,1187.19,-1.73
2019-11-18,2161.00,1164.50,27,50.0,2055.53,5.13,1187.19,-1.91
2019-11-19,2153.00,1167.60,28,51.0,2055.53,4.74,1187.19,-1.65
2019-11-20,2125.00,1170.10,28,52.0,2055.53,3.38,1187.19,-1.44
2019-11-21,2097.00,1178.10,28,52.0,2055.53,2.02,1187.19,-0.77
2019-11-22,2102.00,1178.90,28,51.0,2055.53,2.26,1187.19,-0.70
2019-11-25,2124.00,1176.00,28,51.0,2055.53,3.33,1187.19,-0.94
2019-11-26,2121.00,1176.70,28,51.0,2055.53,3.18,1187.19,-0.88
2019-11-27,2128.00,1177.20,28,52.0,2055.53,3.53,1187.19,-0.84
2019-11-28,2119.00,1179.00,28,53.0,2055.53,3.09,1187.19,-0.69
2019-11-29,2088.00,1181.20,27,53.0,2055.53,1.58,1187.19,-0.50
2019-12-02,2092.00,1183.10,27,53.0,2063.02,1.40,1184.31,-0.10
2019-12-03,2084.00,1187.20,28,53.0,2063.02,1.02,1184.31,0.24
2019-12-04,2069.00,1194.30,28,53.0,2063.02,0.29,1184.31,0.84
2019-12-05,2061.00,1190.20,27,54.0,2063.02,-0.10,1184.31,0.50
2019-12-06,2082.00,1189.60,27,54.0,2063.02,0.92,1184.31,0.45
2019-12-09,2089.00,1189.90,26,55.0,2063.02,1.26,1184.31,0.47
2019-12-10,2098.00,1191.30,26,56.0,2063.02,1.70,1184.31,0.59
2019-12-11,2106.00,1194.70,26,56.0,2063.02,2.08,1184.31,0.88
2019-12-12,2137.00,1186.80,26,56.0,2063.02,3.59,1184.31,0.21
2019-12-13,2170.00,1171.70,26,56.0,2063.02,5.19,1184.31,-1.06
2019-12-16,2168.00,1172.30,24,57.0,2063.02,5.09,1184.31,-1.01
2019-12-17,2196.00,1166.20,24,57.0,2063.02,6.45,1184.31,-1.53
2019-12-18,2195.00,1168.80,22,57.0,2063.02,6.40,1184.31,-1.31
2019-12-19,2197.00,1165.60,22,57.0,2063.02,6.49,1184.31,-1.58
2019-12-20,2204.00,1160.60,22,57.0,2063.02,6.83,1184.31,-2.00
2019-12-23,2204.00,1164.30,22,57.0,2063.02,6.83,1184.31,-1.69
2019-12-24,2190.00,1163.90,22,58.0,2063.02,6.16,1184.31,-1.72
2019-12-26,2198.00,1161.80,21,57.0,2063.02,6.54,1184.31,-1.90
2019-12-27,2204.00,1161.50,21,57.0,2063.02,6.83,1184.31,-1.93
2019-12-31,2198.00,1156.40,22,58.0,2063.02,6.54,1184.31,-2.36
2020-01-02,2175.00,1158.10,22,58.0,2070.35,5.05,1184.63,-2.24
2020-01-03,2176.00,1167.10,21,59.0,2070.35,5.10,1184.63,-1.48
2020-01-06,2155.00,1172.10,23,58.0,2070.35,4.09,1184.63,-1.06
2020-01-08,2151.00,1170.80,23,58.0,2070.35,3.90,1184.63,-1.17
2020-01-09,2186.00,1159.10,23,56.0,2070.35,5.59,1184.63,-2.16
2020-01-10,2206.00,1161.30,22,56.0,2070.35,6.55,1184.63,-1.97
2020-01-13,2229.00,1156.00,22,57.0,2070.35,7.66,1184.63,-2.42
2020-01-14,2239.00,1156.10,22,58.0,2070.35,8.15,1184.63,-2.41
2020-01-15,2231.00,1157.00,22,58.0,2070.35,7.76,1184.63,-2.33
2020-01-16,2248.00,1161.10,22,57.0,2070.35,8.58,1184.63,-1.99
2020-01-17,2251.00,1159.40,21,58.0,2070.35,8.73,1184.63,-2.13
2020-01-20,2263.00,1158.10,20,57.0,2070.35,9.31,1184.63,-2.24
2020-01-21,2240.00,1167.00,21,59.0,2070.35,8.19,1184.63,-1.49
2020-01-22,2267.00,1164.60,22,58.0,2070.35,9.50,1184.63,-1.69
2020-01-23,2246.00,1168.70,22,58.0,2070.35,8.48,1184.63,-1.34
2020-01-29,2185.00,1177.20,24,59.0,2070.35,5.54,1184.63,-0.63
2020-01-30,2148.00,1185.00,25,60.0,2070.35,3.75,1184.63,0.03
2020-01-31,2119.00,1191.80,28,60.0,2070.35,2.35,1184.63,0.61
2020-02-03,2119.00,1195.00,28,59.0,2089.87,1.39,1183.14,1.00
2020-02-04,2158.00,1187.40,27,59.0,2089.87,3.26,1183.14,0.36
2020-02-05,2166.00,1191.50,25,59.0,2089.87,3.64,1183.14,0.71
2020-02-06,2228.00,1179.80,24,59.0,2089.87,6.61,1183.14,-0.28
2020-02-07,2212.00,1186.50,24,59.0,2089.87,5.84,1183.14,0.28
2020-02-10,2201.00,1187.10,25,59.0,2089.87,5.32,1183.14,0.33
2020-02-11,2223.00,1181.60,24,59.0,2089.87,6.37,1183.14,-0.13
2020-02-12,2238.00,1179.50,24,59.0,2089.87,7.09,1183.14,-0.31
2020-02-13,2233.00,1182.80,22,59.0,2089.87,6.85,1183.14,-0.03
2020-02-14,2244.00,1183.00,23,58.0,2089.87,7.38,1183.14,-0.01
2020-02-18,2209.00,1189.50,22,59.0,2089.87,5.70,1183.14,0.54
2020-02-19,2210.00,1189.30,23,60.0,2089.87,5.75,1183.14,0.52
2020-02-20,2196.00,1198.70,22,60.0,2089.87,5.08,1183.14,1.31
2020-02-21,2163.00,1209.20,23,60.0,2089.87,3.50,1183.14,2.20
2020-02-24,2079.00,1220.20,24,60.0,2089.87,-0.52,1183.14,3.13
2020-02-25,2104.00,1210.30,30,60.0,2089.87,0.68,1183.14,2.30
2020-02-26,2077.00,1216.90,30,61.0,2089.87,-0.62,1183.14,2.85
2020-02-27,2055.00,1217.20,30,60.0,2089.87,-1.67,1183.14,2.88
2020-03-02,2003.00,1193.70,35,60.0,2127.12,-5.84,1180.32,1.13
2020-03-03,2014.00,1195.20,31,61.0,2127.12,-5.32,1180.32,1.26
2020-03-04,2059.00,1187.80,30,61.0,2127.12,-3.20,1180.32,0.63
2020-03-05,2085.00,1181.20,30,62.0,2127.12,-1.98,1180.32,0.07
2020-03-06,2040.00,1192.30,33,61.0,2127.12,-4.10,1180.32,1.01
2020-03-09,1955.00,1204.20,38,62.0,2127.12,-8.09,1180.32,2.02
2020-03-10,1963.00,1193.20,47,63.0,2127.12,-7.72,1180.32,1.09
2020-03-11,1933.00,1193.60,37,63.0,2127.12,-9.13,1180.32,1.12
2020-03-12,1834.00,1206.50,42,65.0,2127.12,-13.78,1180.32,2.22
2020-03-13,1771.00,1219.30,56,66.0,2127.12,-16.74,1180.32,3.30
2020-03-16,1715.00,1226.00,46,69.0,2127.12,-19.37,1180.32,3.87
2020-03-17,1672.00,1243.50,54,71.0,2127.12,-21.40,1180.32,5.35
2020-03-18,1591.00,1245.70,52,72.0,2127.12,-25.20,1180.32,5.54
2020-03-19,1458.00,1285.70,51,76.0,2127.12,-31.46,1180.32,8.93
2020-03-20,1566.00,1246.50,53,84.0,2127.12,-26.38,1180.32,5.61
2020-03-23,1482.00,1266.50,53,86.0,2127.12,-30.33,1180.32,7.30
2020-03-24,1610.00,1249.60,57,88.0,2127.12,-24.31,1180.32,5.87
2020-03-25,1705.00,1229.90,48,91.0,2127.12,-19.84,1180.32,4.20
2020-03-26,1686.00,1232.80,37,97.0,2127.12,-20.74,1180.32,4.45
2020-03-27,1718.00,1210.60,33,98.0,2127.12,-19.23,1180.32,2.57
2020-03-30,1717.00,1224.40,38,97.0,2127.12,-19.28,1180.32,3.73
2020-03-31,1755.00,1217.40,41,94.0,2127.12,-17.49,1180.32,3.14
2020-04-01,1685.00,1230.50,38,101.0,2077.04,-18.88,1185.11,3.83
2020-04-02,1725.00,1228.30,43,103.0,2077.04,-16.95,1185.11,3.64
2020-04-03,1725.00,1230.90,44,103.0,2077.04,-16.95,1185.11,3.86
2020-04-06,1792.00,1229.30,44,105.0,2077.04,-13.72,1185.11,3.73
2020-04-07,1824.00,1221.20,38,105.0,2077.04,-12.18,1185.11,3.05
2020-04-08,1807.00,1220.90,34,108.0,2077.04,-13.00,1185.11,3.02
2020-04-09,1836.00,1219.50,35,110.0,2077.04,-11.61,1185.11,2.90
2020-04-10,1861.00,1208.80,30,112.0,2077.04,-10.40,1185.11,2.00
2020-04-13,1826.00,1217.90,30,112.0,2077.04,-12.09,1185.11,2.77
2020-04-14,1857.00,1217.30,30,113.0,2077.04,-10.59,1185.11,2.72
2020-04-16,1857.00,1228.70,32,114.0,2077.04,-10.59,1185.11,3.68
2020-04-17,1915.00,1217.90,30,114.0,2077.04,-7.80,1185.11,2.77
2020-04-20,1898.00,1220.50,31,114.0,2077.04,-8.62,1185.11,2.99
2020-04-21,1879.00,1229.70,33,115.0,2077.04,-9.53,1185.11,3.76
2020-04-22,1896.00,1229.70,36,115.0,2077.04,-8.72,1185.11,3.76
2020-04-23,1915.00,1229.70,37,116.0,2077.04,-7.80,1185.11,3.76
2020-04-24,1889.00,1235.50,38,118.0,2077.04,-9.05,1185.11,4.25
2020-04-27,1923.00,1226.20,38,119.0,2077.04,-7.42,1185.11,3.47
2020-04-28,1934.00,1225.20,38,119.0,2077.04,-6.89,1185.11,3.38
2020-04-29,1948.00,1225.20,37,121.0,2077.04,-6.21,1185.11,3.38
2020-05-04,1895.00,1229.10,34,122.0,2040.34,-7.12,1192.37,3.08
2020-05-06,1929.00,1222.10,35,124.0,2040.34,-5.46,1192.37,2.49
2020-05-07,1929.00,1227.60,36,125.0,2040.34,-5.46,1192.37,2.95
2020-05-08,1946.00,1219.90,35,127.0,2040.34,-4.62,1192.37,2.31
2020-05-11,1935.00,1220.50,35,127.0,2040.34,-5.16,1192.37,2.36
2020-05-12,1922.00,1224.80,34,128.0,2040.34,-5.80,1192.37,2.72
2020-05-13,1940.00,1223.80,34,130.0,2040.34,-4.92,1192.37,2.64
2020-05-14,1925.00,1228.00,35,130.0,2040.34,-5.65,1192.37,2.99
2020-05-15,1927.00,1231.00,35,131.0,2040.34,-5.55,1192.37,3.24
2020-05-18,1937.00,1232.40,34,130.0,2040.34,-5.06,1192.37,3.36
2020-05-19,1981.00,1225.30,32,131.0,2040.34,-2.91,1192.37,2.76
2020-05-20,1990.00,1230.30,31,131.0,2040.34,-2.47,1192.37,3.18
2020-05-21,1998.00,1230.90,28,132.0,2040.34,-2.07,1192.37,3.23
2020-05-22,1970.00,1237.00,27,133.0,2040.34,-3.45,1192.37,3.74
2020-05-25,1995.00,1244.20,28,133.0,2040.34,-2.22,1192.37,4.35
2020-05-26,2030.00,1234.30,27,134.0,2040.34,-0.51,1192.37,3.52
2020-05-27,2031.00,1234.40,27,134.0,2040.34,-0.46,1192.37,3.53
2020-05-28,2029.00,1239.60,27,134.0,2040.34,-0.56,1192.37,3.96
2020-05-29,2030.00,1238.50,27,133.0,2040.34,-0.51,1192.37,3.87
2020-06-01,2065.00,1225.00,28,133.0,2012.26,2.62,1202.81,1.85
2020-06-02,2087.00,1225.40,28,133.0,2012.26,3.71,1202.81,1.88
2020-06-03,2147.00,1216.80,27,133.0,2012.26,6.70,1202.81,1.16
2020-06-04,2151.00,1218.70,25,133.0,2012.26,6.89,1202.81,1.32
2020-06-05,2182.00,1207.10,24,133.0,2012.26,8.44,1202.81,0.36
2020-06-08,2184.00,1204.80,23,133.0,2012.26,8.53,1202.81,0.17
2020-06-09,2189.00,1197.70,22,134.0,2012.26,8.78,1202.81,-0.42
2020-06-10,2196.00,1191.20,25,137.0,2012.26,9.13,1202.81,-0.96
2020-06-11,2177.00,1196.40,25,136.0,2012.26,8.19,1202.81,-0.53
2020-06-12,2132.00,1203.80,28,137.0,2012.26,5.95,1202.81,0.08
2020-06-15,2031.00,1216.00,27,137.0,2012.26,0.93,1202.81,1.10
2020-06-16,2138.00,1207.20,29,137.0,2012.26,6.25,1202.81,0.37
2020-06-17,2141.00,1213.90,27,137.0,2012.26,6.40,1202.81,0.92
2020-06-18,2133.00,1208.00,27,139.0,2012.26,6.00,1202.81,0.43
2020-06-19,2141.00,1209.60,28,139.0,2012.26,6.40,1202.81,0.56
2020-06-22,2127.00,1215.80,28,138.0,2012.26,5.70,1202.81,1.08
2020-06-23,2131.00,1208.80,28,139.0,2012.26,5.90,1202.81,0.50
2020-06-24,2162.00,1199.40,27,140.0,2012.26,7.44,1202.81,-0.28
2020-06-25,2112.00,1204.70,28,140.0,2012.26,4.96,1202.81,0.16
2020-06-26,2135.00,1200.60,28,141.0,2012.26,6.10,1202.81,-0.18
2020-06-29,2093.00,1198.60,29,141.0,2012.26,4.01,1202.81,-0.35
2020-06-30,2108.00,1203.00,28,141.0,2012.26,4.76,1202.81,0.02
2020-07-01,2107.00,1203.40,27,140.0,2012.23,4.71,1208.24,-0.40
2020-07-02,2135.00,1200.00,26,141.0,2012.23,6.10,1208.24,-0.68
2020-07-03,2152.00,1198.60,26,140.0,2012.23,6.95,1208.24,-0.80
2020-07-07,2188.00,1195.80,25,140.0,2012.23,8.74,1208.24,-1.03
2020-07-08,2159.00,1195.50,25,139.0,2012.23,7.29,1208.24,-1.05
2020-07-09,2168.00,1195.50,25,140.0,2012.23,7.74,1208.24,-1.05
2020-07-10,2150.00,1204.50,25,139.0,2012.23,6.85,1208.24,-0.31
2020-07-13,2186.00,1200.90,26,139.0,2012.23,8.64,1208.24,-0.61
2020-07-14,2184.00,1205.70,25,140.0,2012.23,8.54,1208.24,-0.21
2020-07-15,2202.00,1200.50,26,139.0,2012.23,9.43,1208.24,-0.64
2020-07-16,2184.00,1205.60,24,140.0,2012.23,8.54,1208.24,-0.22
2020-07-17,2201.00,1205.10,25,140.0,2012.23,9.38,1208.24,-0.26
2020-07-20,2198.00,1203.20,24,141.0,2012.23,9.23,1208.24,-0.42
2020-07-22,2229.00,1195.30,24,140.0,2012.23,10.77,1208.24,-1.07
2020-07-23,2216.00,1197.30,24,139.0,2012.23,10.13,1208.24,-0.91
2020-07-24,2200.00,1201.50,24,139.0,2012.23,9.33,1208.24,-0.56
2020-07-27,2218.00,1196.10,24,139.0,2012.23,10.23,1208.24,-1.00
2020-07-28,2257.00,1196.90,24,138.0,2012.23,12.16,1208.24,-0.94
2020-07-29,2263.00,1193.10,24,138.0,2012.23,12.46,1208.24,-1.25
2020-07-30,2267.00,1194.40,23,138.0,2012.23,12.66,1208.24,-1.15
2020-07-31,2249.00,1191.30,24,138.0,2012.23,11.77,1208.24,-1.40
2020-08-03,2251.00,1193.40,24,138.0,2015.19,11.70,1212.87,-1.61
2020-08-04,2280.00,1194.10,22,138.0,2015.19,13.14,1212.87,-1.55
2020-08-05,2312.00,1188.80,23,137.0,2015.19,14.73,1212.87,-1.98
2020-08-06,2343.00,1183.50,22,136.0,2015.19,16.27,1212.87,-2.42
2020-08-07,2352.00,1184.70,23,136.0,2015.19,16.71,1212.87,-2.32
2020-08-10,2386.00,1185.60,23,136.0,2015.19,18.40,1212.87,-2.25
2020-08-11,2419.00,1184.70,22,135.0,2015.19,20.04,1212.87,-2.32
2020-08-13,2438.00,1183.30,22,136.0,2015.19,20.98,1212.87,-2.44
2020-08-14,2407.00,1184.60,22,137.0,2015.19,19.44,1212.87,-2.33
2020-08-18,2348.00,1183.70,22,137.0,2015.19,16.52,1212.87,-2.41
2020-08-19,2361.00,1181.20,22,137.0,2015.19,17.16,1212.87,-2.61
2020-08-20,2274.00,1186.90,22,137.0,2015.19,12.84,1212.87,-2.14
2020-08-21,2305.00,1186.30,22,137.0,2015.19,14.38,1212.87,-2.19
2020-08-24,2330.00,1189.10,22,137.0,2015.19,15.62,1212.87,-1.96
2020-08-25,2367.00,1185.10,22,136.0,2015.19,17.46,1212.87,-2.29
2020-08-26,2369.00,1186.80,22,136.0,2015.19,17.56,1212.87,-2.15
2020-08-27,2344.00,1185.00,22,136.0,2015.19,16.32,1212.87,-2.30
2020-08-28,2354.00,1184.30,23,135.0,2015.19,16.81,1212.87,-2.36
2020-09-01,2350.00,1183.00,22,131.0,2040.80,15.15,1211.61,-2.36
2020-09-02,2364.00,1185.40,22,134.0,2040.80,15.84,1211.61,-2.16
2020-09-03,2396.00,1188.30,22,134.0,2040.80,17.40,1211.61,-1.92
2020-09-04,2368.00,1189.60,23,134.0,2040.80,16.03,1211.61,-1.82
2020-09-07,2384.00,1188.30,23,132.0,2040.80,16.82,1211.61,-1.92
2020-09-08,2402.00,1186.40,22,132.0,2040.80,17.70,1211.61,-2.08
2020-09-09,2376.00,1189.10,23,132.0,2040.80,16.42,1211.61,-1.86
2020-09-10,2396.00,1184.90,23,132.0,2040.80,17.40,1211.61,-2.20
2020-09-11,2397.00,1186.90,23,132.0,2040.80,17.45,1211.61,-2.04
2020-09-15,2444.00,1179.00,23,133.0,2040.80,19.76,1211.61,-2.69
2020-09-16,2436.00,1176.10,23,132.0,2040.80,19.36,1211.61,-2.93
2020-09-17,2406.00,1174.40,23,133.0,2040.80,17.89,1211.61,-3.07
2020-09-21,2389.00,1161.60,22,133.0,2040.80,17.06,1211.61,-4.13
2020-09-22,2333.00,1165.00,26,133.0,2040.80,14.32,1211.61,-3.85
2020-09-23,2333.00,1164.40,26,134.0,2040.80,14.32,1211.61,-3.90
2020-09-24,2273.00,1172.70,26,134.0,2040.80,11.38,1211.61,-3.21
2020-09-25,2279.00,1172.30,28,134.0,2040.80,11.67,1211.61,-3.24
2020-09-28,2308.00,1173.60,28,135.0,2040.80,13.09,1211.61,-3.14
2020-09-29,2328.00,1169.50,28,134.0,2040.80,14.07,1211.61,-3.48
2020-10-06,2366.00,1161.00,26,133.0,2139.56,10.58,1204.71,-3.63
2020-10-07,2387.00,1158.20,25,133.0,2139.56,11.56,1204.71,-3.86
2020-10-08,2392.00,1153.30,25,133.0,2139.56,11.80,1204.71,-4.27
2020-10-12,2404.00,1146.80,24,132.0,2139.56,12.36,1204.71,-4.81
2020-10-13,2403.00,1147.10,24,133.0,2139.56,12.31,1204.71,-4.78
2020-10-14,2380.00,1146.90,24,134.0,2139.56,11.24,1204.71,-4.80
2020-10-15,2361.00,1143.20,24,134.0,2139.56,10.35,1204.71,-5.11
2020-10-16,2342.00,1147.40,26,134.0,2139.56,9.46,1204.71,-4.76
2020-10-19,2347.00,1142.00,25,134.0,2139.56,9.70,1204.71,-5.21
2020-10-20,2358.00,1139.40,25,133.0,2139.56,10.21,1204.71,-5.42
2020-10-21,2371.00,1131.90,25,133.0,2139.56,10.82,1204.71,-6.04
2020-10-22,2355.00,1132.90,25,132.0,2139.56,10.07,1204.71,-5.96
2020-10-23,2361.00,1132.90,25,133.0,2139.56,10.35,1204.71,-5.96
2020-10-26,2344.00,1127.70,25,132.0,2139.56,9.56,1204.71,-6.39
2020-10-27,2331.00,1125.50,25,132.0,2139.56,8.95,1204.71,-6.58
2020-10-28,2345.00,1130.60,26,132.0,2139.56,9.60,1204.71,-6.15
2020-10-29,2327.00,1131.40,26,131.0,2139.56,8.76,1204.71,-6.09
2020-10-30,2267.00,1135.10,26,131.0,2139.56,5.96,1204.71,-5.78
2020-11-02,2300.00,1133.60,26,130.0,2222.71,3.48,1191.46,-4.86
2020-11-03,2343.00,1134.10,26,130.0,2222.71,5.41,1191.46,-4.81
2020-11-04,2357.00,1137.70,26,130.0,2222.71,6.04,1191.46,-4.51
2020-11-05,2414.00,1128.20,25,131.0,2222.71,8.61,1191.46,-5.31
2020-11-06,2417.00,1120.40,24,131.0,2222.71,8.74,1191.46,-5.96
2020-11-09,2447.00,1113.90,23,129.0,2222.71,10.09,1191.46,-6.51
2020-11-10,2453.00,1115.10,21,129.0,2222.71,10.36,1191.46,-6.41
2020-11-12,2476.00,1114.80,21,129.0,2222.71,11.40,1191.46,-6.43
2020-11-13,2494.00,1115.60,22,128.0,2222.71,12.21,1191.46,-6.37
2020-11-16,2543.00,1109.30,22,128.0,2222.71,14.41,1191.46,-6.90
2020-11-17,2539.00,1106.60,22,129.0,2222.71,14.23,1191.46,-7.12
2020-11-18,2546.00,1103.80,22,129.0,2222.71,14.54,1191.46,-7.36
2020-11-19,2547.00,1115.60,22,128.0,2222.71,14.59,1191.46,-6.37
2020-11-20,2554.00,1114.30,22,127.0,2222.71,14.90,1191.46,-6.48
2020-11-23,2603.00,1110.40,22,126.0,2222.71,17.11,1191.46,-6.80
2020-11-24,2618.00,1112.70,22,126.0,2222.71,17.78,1191.46,-6.61
2020-11-25,2602.00,1108.90,22,126.0,2222.71,17.06,1191.46,-6.93
2020-11-26,2626.00,1104.60,21,126.0,2222.71,18.14,1191.46,-7.29
2020-11-27,2633.00,1103.20,21,125.0,2222.71,18.46,1191.46,-7.41
2020-11-30,2591.00,1106.50,21,126.0,2222.71,16.57,1191.46,-7.13
2020-12-01,2634.00,1106.20,21,125.0,2312.04,13.93,1172.35,-5.64
2020-12-02,2676.00,1100.80,20,125.0,2312.04,15.74,1172.35,-6.10
2020-12-03,2696.00,1097.00,20,125.0,2312.04,16.61,1172.35,-6.43
2020-12-04,2731.00,1082.10,20,125.0,2312.04,18.12,1172.35,-7.70
2020-12-07,2745.00,1082.10,20,126.0,2312.04,18.73,1172.35,-7.70
2020-12-11,2770.00,1090.30,22,124.0,2312.04,19.81,1172.35,-7.00
2020-12-14,2762.00,1091.80,22,123.0,2312.04,19.46,1172.35,-6.87
2020-12-15,2757.00,1093.30,22,124.0,2312.04,19.25,1172.35,-6.74
2020-12-16,2772.00,1094.00,22,123.0,2312.04,19.89,1172.35,-6.68
2020-12-17,2770.00,1093.30,22,123.0,2312.04,19.81,1172.35,-6.74
2020-12-18,2772.00,1099.70,21,125.0,2312.04,19.89,1172.35,-6.20
2020-12-21,2779.00,1102.70,22,124.0,2312.04,20.20,1172.35,-5.94
2020-12-22,2734.00,1107.40,22,124.0,2312.04,18.25,1172.35,-5.54
2020-12-23,2760.00,1107.90,22,125.0,2312.04,19.37,1172.35,-5.50
2020-12-24,2807.00,1103.00,22,125.0,2312.04,21.41,1172.35,-5.92
2020-12-28,2809.00,1096.70,22,124.0,2312.04,21.49,1172.35,-6.45
2020-12-29,2821.00,1092.10,22,123.0,2312.04,22.01,1172.35,-6.84
2020-12-30,2873.00,1086.30,22,123.0,2312.04,24.26,1172.35,-7.34
2020-12-31,2873.00,1086.30,22,123.0,2312.04,24.26,1172.35,-7.34
2021-01-04,2944.00,1082.10,22,124.0,2420.87,21.61,1152.85,-6.14
2021-01-06,2968.00,1085.60,23,123.0,2420.87,22.60,1152.85,-5.83
2021-01-07,3032.00,1087.30,23,122.0,2420.87,25.24,1152.85,-5.69
2021-01-08,3152.00,1089.80,23,120.0,2420.87,30.20,1152.85,-5.47
2021-01-12,3126.00,1099.90,25,118.0,2420.87,29.13,1152.85,-4.59
2021-01-13,3148.00,1095.10,25,118.0,2420.87,30.04,1152.85,-5.01
2021-01-14,3150.00,1098.00,24,117.0,2420.87,30.12,1152.85,-4.76
2021-01-15,3086.00,1099.40,25,117.0,2420.87,27.47,1152.85,-4.64
2021-01-18,3014.00,1103.90,26,117.0,2420.87,24.50,1152.85,-4.25
2021-01-19,3093.00,1102.90,26,116.0,2420.87,27.76,1152.85,-4.33
2021-01-20,3115.00,1100.30,25,115.0,2420.87,28.67,1152.85,-4.56
2021-01-21,3161.00,1098.20,24,115.0,2420.87,30.57,1152.85,-4.74
2021-01-22,3141.00,1103.20,25,113.0,2420.87,29.75,1152.85,-4.31
2021-01-25,3209.00,1100.70,25,111.0,2420.87,32.56,1152.85,-4.52
2021-01-26,3140.00,1106.50,25,111.0,2420.87,29.71,1152.85,-4.02
2021-01-28,3069.00,1119.60,26,112.0,2420.87,26.77,1152.85,-2.88
2021-01-29,2976.00,1118.80,25,112.0,2420.87,22.93,1152.85,-2.95
2021-02-01,3057.00,1116.50,26,110.0,2565.86,19.14,1135.93,-1.71
2021-02-03,3130.00,1114.90,24,108.0,2565.86,21.99,1135.93,-1.85
2021-02-04,3088.00,1118.50,24,109.0,2565.86,20.35,1135.93,-1.53
2021-02-05,3121.00,1123.70,23,108.0,2565.86,21.64,1135.93,-1.08
2021-02-08,3091.00,1119.60,23,107.0,2565.86,20.47,1135.93,-1.44
2021-02-09,3085.00,1116.60,23,106.0,2565.86,20.23,1135.93,-1.70
2021-02-10,3101.00,1107.00,23,106.0,2565.86,20.86,1135.93,-2.55
2021-02-15,3147.00,1101.40,23,106.0,2565.86,22.65,1135.93,-3.04
2021-02-16,3163.00,1100.10,23,106.0,2565.86,23.27,1135.93,-3.15
2021-02-17,3134.00,1107.50,23,105.0,2565.86,22.14,1135.93,-2.50
2021-02-18,3087.00,1107.60,22,105.0,2565.86,20.31,1135.93,-2.49
2021-02-19,3108.00,1105.90,22,104.0,2565.86,21.13,1135.93,-2.64
2021-02-22,3080.00,1110.40,22,104.0,2565.86,20.04,1135.93,-2.25
2021-02-23,3070.00,1110.60,22,103.0,2565.86,19.65,1135.93,-2.23
2021-02-24,2995.00,1112.20,23,102.0,2565.86,16.72,1135.93,-2.09
2021-02-25,3100.00,1107.80,22,104.0,2565.86,20.82,1135.93,-2.48
2021-02-26,3013.00,1123.50,22,103.0,2565.86,17.43,1135.93,-1.09
2021-03-04,3043.00,1125.10,23,103.0,2683.10,13.41,1124.01,0.10
2021-03-06,3026.00,1126.10,23,101.0,2683.10,12.78,1124.01,0.19
2021-03-08,2996.00,1133.20,23,98.0,2683.10,11.66,1124.01,0.82
2021-03-09,2976.00,1140.30,24,95.0,2683.10,10.92,1124.01,1.45
2021-03-10,2958.00,1142.70,24,95.0,2683.10,10.25,1124.01,1.66
2021-03-11,3014.00,1135.90,23,94.0,2683.10,12.33,1124.01,1.06
2021-03-12,3054.00,1133.80,21,93.0,2683.10,13.82,1124.01,0.87
2021-03-15,3046.00,1136.30,21,91.0,2683.10,13.53,1124.01,1.09
2021-03-16,3067.00,1130.80,21,93.0,2683.10,14.31,1124.01,0.60
2021-03-17,3048.00,1130.20,21,94.0,2683.10,13.60,1124.01,0.55
2021-03-18,3066.00,1123.70,21,95.0,2683.10,14.27,1124.01,-0.03
2021-03-19,3040.00,1130.60,21,94.0,2683.10,13.30,1124.01,0.59
2021-03-22,3035.00,1128.40,20,95.0,2683.10,13.12,1124.01,0.39
2021-03-23,3005.00,1129.70,22,95.0,2683.10,12.00,1124.01,0.51
2021-03-24,2996.00,1133.60,22,94.0,2683.10,11.66,1124.01,0.85
2021-03-25,3008.00,1133.30,22,96.0,2683.10,12.11,1124.01,0.83
2021-03-26,3041.00,1129.30,22,94.0,2683.10,13.34,1124.01,0.47
2021-03-29,3036.00,1131.70,22,94.0,2683.10,13.15,1124.01,0.68
2021-03-30,3070.00,1133.60,22,92.0,2683.10,14.42,1124.01,0.85
2021-03-31,3061.00,1131.80,22,93.0,2683.10,14.08,1124.01,0.69
2021-04-01,3087.00,1131.90,22,92.0,2799.68,10.26,1116.13,1.41
2021-04-02,3113.00,1127.50,21,92.0,2799.68,11.19,1116.13,1.02
2021-04-05,3121.00,1127.70,21,90.0,2799.68,11.48,1116.13,1.04
2021-04-06,3127.00,1119.60,21,90.0,2799.68,11.69,1116.13,0.31
2021-04-07,3137.00,1116.30,22,89.0,2799.68,12.05,1116.13,0.01
2021-04-08,3143.00,1117.20,22,90.0,2799.68,12.26,1116.13,0.10
2021-04-09,3132.00,1121.20,22,89.0,2799.68,11.87,1116.13,0.45
2021-04-14,3182.00,1116.60,21,90.0,2799.68,13.66,1116.13,0.04
2021-04-15,3194.00,1117.60,22,88.0,2799.68,14.08,1116.13,0.13
2021-04-16,3199.00,1116.30,21,88.0,2799.68,14.26,1116.13,0.01
2021-04-19,3199.00,1117.20,21,78.0,2799.68,14.26,1116.13,0.10
2021-04-20,3221.00,1112.30,20,79.0,2799.68,15.05,1116.13,-0.34
2021-04-21,3172.00,1118.60,21,79.0,2799.68,13.30,1116.13,0.22
2021-04-22,3178.00,1117.30,20,79.0,2799.68,13.51,1116.13,0.10
2021-04-23,3186.00,1117.80,21,79.0,2799.68,13.80,1116.13,0.15
2021-04-26,3218.00,1113.20,20,78.0,2799.68,14.94,1116.13,-0.26
2021-04-27,3215.00,1110.40,20,79.0,2799.68,14.83,1116.13,-0.51
2021-04-30,3148.00,1112.30,20,77.0,2799.68,12.44,1116.13,-0.34
2021-05-03,3127.00,1124.00,20,77.0,2930.59,6.70,1112.51,1.03
2021-05-04,3147.00,1122.60,20,76.0,2930.59,7.38,1112.51,0.91
2021-05-06,3179.00,1125.80,19,76.0,2930.59,8.48,1112.51,1.19
2021-05-07,3197.00,1121.30,20,76.0,2930.59,9.09,1112.51,0.79
2021-05-10,3249.00,1113.80,19,76.0,2930.59,10.86,1112.51,0.12
2021-05-13,3122.00,1129.30,19,77.0,2930.59,6.53,1112.51,1.51
2021-05-14,3153.00,1128.60,19,76.0,2930.59,7.59,1112.51,1.45
2021-05-17,3135.00,1134.80,19,76.0,2930.59,6.97,1112.51,2.00
2021-05-18,3173.00,1130.50,19,77.0,2930.59,8.27,1112.51,1.62
2021-05-21,3156.00,1127.00,18,76.0,2930.59,7.69,1112.51,1.30
2021-05-24,3144.00,1127.10,19,76.0,2930.59,7.28,1112.51,1.31
2021-05-25,3171.00,1122.00,19,75.0,2930.59,8.20,1112.51,0.85
2021-05-26,3168.00,1116.90,18,74.0,2930.59,8.10,1112.51,0.39
2021-05-27,3166.00,1118.10,18,75.0,2930.59,8.03,1112.51,0.50
2021-05-28,3174.00,1115.50,18,75.0,2930.59,8.31,1112.51,0.27
2021-05-31,3204.00,1110.90,18,72.0,2930.59,9.33,1112.51,-0.14
2021-06-01,3222.00,1105.90,18,72.0,3045.40,5.80,1113.53,-0.68
2021-06-02,3224.00,1113.30,18,71.0,3045.40,5.86,1113.53,-0.02
2021-06-03,3247.00,1113.60,18,72.0,3045.40,6.62,1113.53,0.01
2021-06-04,3240.00,1116.50,18,71.0,3045.40,6.39,1113.53,0.27
2021-06-07,3252.00,1112.90,18,71.0,3045.40,6.78,1113.53,-0.06
2021-06-08,3248.00,1114.20,18,72.0,3045.40,6.65,1113.53,0.06
2021-06-09,3216.00,1115.40,18,73.0,3045.40,5.60,1113.53,0.17
2021-06-10,3225.00,1115.80,18,60.0,3045.40,5.90,1113.53,0.20
2021-06-11,3249.00,1110.80,18,59.0,3045.40,6.69,1113.53,-0.24
2021-06-14,3252.00,1116.70,18,59.0,3045.40,6.78,1113.53,0.28
2021-06-15,3259.00,1117.00,18,59.0,3045.40,7.01,1113.53,0.31
2021-06-16,3279.00,1117.20,18,59.0,3045.40,7.67,1113.53,0.33
2021-06-17,3265.00,1130.40,18,57.0,3045.40,7.21,1113.53,1.52
2021-06-18,3268.00,1132.30,19,58.0,3045.40,7.31,1113.53,1.69
2021-06-21,3241.00,1134.70,19,56.0,3045.40,6.42,1113.53,1.90
2021-06-22,3264.00,1131.90,18,56.0,3045.40,7.18,1113.53,1.65
2021-06-23,3276.00,1137.70,18,55.0,3045.40,7.57,1113.53,2.17
2021-06-24,3286.00,1134.90,18,55.0,3045.40,7.90,1113.53,1.92
2021-06-25,3303.00,1127.70,18,53.0,3045.40,8.46,1113.53,1.27
2021-06-28,3302.00,1130.30,18,52.0,3045.40,8.43,1113.53,1.51
2021-06-29,3287.00,1128.50,18,52.0,3045.40,7.93,1113.53,1.34
2021-06-30,3297.00,1126.10,18,52.0,3045.40,8.26,1113.53,1.13
2021-07-01,3282.00,1133.10,18,51.0,3136.54,4.64,1118.35,1.32
2021-07-02,3282.00,1135.00,18,50.0,3136.54,4.64,1118.35,1.49
2021-07-05,3293.00,1131.80,18,50.0,3136.54,4.99,1118.35,1.20
2021-07-06,3305.00,1129.70,18,49.0,3136.54,5.37,1118.35,1.02
2021-07-07,3285.00,1138.10,18,51.0,3136.54,4.73,1118.35,1.77
2021-07-08,3253.00,1145.00,18,51.0,3136.54,3.71,1118.35,2.38
2021-07-09,3218.00,1149.10,18,49.0,3136.54,2.60,1118.35,2.75
2021-07-12,3246.00,1147.00,18,50.0,3136.54,3.49,1118.35,2.56
2021-07-13,3271.00,1145.40,18,48.0,3136.54,4.29,1118.35,2.42
2021-07-14,3265.00,1148.50,18,48.0,3136.54,4.10,1118.35,2.70
2021-07-15,3286.00,1141.50,18,44.0,3136.54,4.77,1118.35,2.07
2021-07-16,3277.00,1139.50,18,46.0,3136.54,4.48,1118.35,1.89
2021-07-20,3233.00,1150.40,18,45.0,3136.54,3.08,1118.35,2.87
2021-07-21,3216.00,1154.00,19,46.0,3136.54,2.53,1118.35,3.19
2021-07-22,3250.00,1149.90,18,44.0,3136.54,3.62,1118.35,2.82
2021-07-23,3254.00,1150.80,19,45.0,3136.54,3.75,1118.35,2.90
2021-07-26,3225.00,1155.00,18,45.0,3136.54,2.82,1118.35,3.28
2021-07-27,3233.00,1150.10,19,45.0,3136.54,3.08,1118.35,2.84
2021-07-28,3237.00,1154.60,19,43.0,3136.54,3.20,1118.35,3.24
2021-07-29,3243.00,1146.50,19,43.0,3136.54,3.39,1118.35,2.52
2021-07-30,3202.00,1150.30,18,43.0,3136.54,2.09,1118.35,2.86
2021-08-02,3223.00,1150.90,18,42.0,3165.36,1.82,1126.07,2.20
2021-08-03,3237.00,1148.30,18,42.0,3165.36,2.26,1126.07,1.97
2021-08-04,3280.00,1143.60,18,42.0,3165.36,3.62,1126.07,1.56
2021-08-05,3276.00,1143.70,19,43.0,3165.36,3.50,1126.07,1.57
2021-08-06,3270.00,1142.10,18,43.0,3165.36,3.31,1126.07,1.42
2021-08-09,3260.00,1144.30,18,42.0,3165.36,2.99,1126.07,1.62
2021-08-10,3243.00,1149.80,19,43.0,3165.36,2.45,1126.07,2.11
2021-08-11,3221.00,1156.40,18,43.0,3165.36,1.76,1126.07,2.69
2021-08-12,3208.00,1161.20,18,43.0,3165.36,1.35,1126.07,3.12
2021-08-13,3171.00,1169.00,18,42.0,3165.36,0.18,1126.07,3.81
2021-08-17,3143.00,1176.30,18,43.0,3165.36,-0.71,1126.07,4.46
2021-08-18,3159.00,1168.00,18,43.0,3165.36,-0.20,1126.07,3.72
2021-08-19,3098.00,1176.20,18,43.0,3165.36,-2.13,1126.07,4.45
2021-08-20,3061.00,1179.60,18,43.0,3165.36,-3.30,1126.07,4.75
2021-08-23,3090.00,1173.70,18,43.0,3165.36,-2.38,1126.07,4.23
2021-08-24,3138.00,1165.60,18,42.0,3165.36,-0.86,1126.07,3.51
2021-08-25,3147.00,1168.10,18,42.0,3165.36,-0.58,1126.07,3.73
2021-08-26,3129.00,1170.50,18,44.0,3165.36,-1.15,1126.07,3.95
2021-08-27,3134.00,1169.20,18,43.0,3165.36,-0.99,1126.07,3.83
2021-08-30,3144.00,1167.00,18,43.0,3165.36,-0.67,1126.07,3.63
2021-08-31,3199.00,1159.50,18,43.0,3165.36,1.06,1126.07,2.97
2021-09-01,3207.00,1157.20,18,43.0,3178.92,0.88,1134.33,2.02
2021-09-02,3176.00,1161.50,18,44.0,3178.92,-0.09,1134.33,2.39
2021-09-03,3201.00,1157.00,18,43.0,3178.92,0.69,1134.33,2.00
2021-09-06,3203.00,1156.50,18,42.0,3178.92,0.76,1134.33,1.95
2021-09-07,3187.00,1157.80,18,43.0,3178.92,0.25,1134.33,2.07
2021-09-08,3163.00,1166.70,18,42.0,3178.92,-0.50,1134.33,2.85
2021-09-09,3115.00,1169.20,18,42.0,3178.92,-2.01,1134.33,3.07
2021-09-10,3126.00,1169.10,18,44.0,3178.92,-1.66,1134.33,3.06
2021-09-13,3128.00,1176.00,18,43.0,3178.92,-1.60,1134.33,3.67
2021-09-14,3149.00,1170.80,18,44.0,3178.92,-0.94,1134.33,3.21
2021-09-15,3153.00,1170.50,18,45.0,3178.92,-0.82,1134.33,3.19
2021-09-16,3130.00,1171.80,18,45.0,3178.92,-1.54,1134.33,3.30
2021-09-17,3141.00,1175.00,18,44.0,3178.92,-1.19,1134.33,3.59
2021-09-23,3128.00,1175.50,19,44.0,3178.92,-1.60,1134.33,3.63
2021-09-24,3125.00,1176.50,19,44.0,3178.92,-1.70,1134.33,3.72
2021-09-28,3098.00,1184.40,19,45.0,3178.92,-2.55,1134.33,4.41
2021-09-29,3060.00,1181.80,20,46.0,3178.92,-3.74,1134.33,4.18
2021-09-30,3069.00,1184.00,19,46.0,3178.92,-3.46,1134.33,4.38
2021-10-01,3019.00,1188.70,19,46.0,3199.01,-5.63,1140.28,4.25
2021-10-05,2962.00,1188.70,20,45.0,3199.01,-7.41,1140.28,4.25
2021-10-06,2908.00,1192.30,20,45.0,3199.01,-9.10,1140.28,4.56
2021-10-07,2959.00,1190.40,20,46.0,3199.01,-7.50,1140.28,4.40
2021-10-08,2956.00,1194.60,20,46.0,3199.01,-7.60,1140.28,4.76
2021-10-12,2916.00,1198.80,22,44.0,3199.01,-8.85,1140.28,5.13
2021-10-13,2944.00,1193.80,22,45.0,3199.01,-7.97,1140.28,4.69
2021-10-14,2989.00,1186.80,22,45.0,3199.01,-6.56,1140.28,4.08
2021-10-15,3015.00,1182.40,21,45.0,3199.01,-5.75,1140.28,3.69
2021-10-18,3007.00,1187.60,20,45.0,3199.01,-6.00,1140.28,4.15
2021-10-19,3029.00,1178.70,20,46.0,3199.01,-5.31,1140.28,3.37
2021-10-20,3013.00,1174.20,19,47.0,3199.01,-5.81,1140.28,2.97
2021-10-21,3007.00,1177.20,19,47.0,3199.01,-6.00,1140.28,3.24
2021-10-22,3006.00,1177.10,20,47.0,3199.01,-6.03,1140.28,3.23
2021-10-25,3021.00,1168.40,19,47.0,3199.01,-5.56,1140.28,2.47
2021-10-26,3049.00,1167.60,19,47.0,3199.01,-4.69,1140.28,2.40
2021-10-27,3025.00,1170.00,19,47.0,3199.01,-5.44,1140.28,2.61
2021-10-28,3010.00,1169.70,19,47.0,3199.01,-5.91,1140.28,2.58
2021-10-29,2971.00,1168.60,19,47.0,3199.01,-7.13,1140.28,2.48
2021-11-01,2979.00,1176.50,19,47.0,3170.25,-6.03,1150.40,2.27
2021-11-02,3013.00,1174.40,19,50.0,3170.25,-4.96,1150.40,2.09
2021-11-03,2976.00,1181.60,19,50.0,3170.25,-6.13,1150.40,2.71
2021-11-04,2983.00,1182.60,19,50.0,3170.25,-5.91,1150.40,2.80
2021-11-05,2969.00,1185.20,18,53.0,3170.25,-6.35,1150.40,3.02
2021-11-08,2960.00,1183.10,19,53.0,3170.25,-6.63,1150.40,2.84
2021-11-09,2962.00,1177.20,19,53.0,3170.25,-6.57,1150.40,2.33
2021-11-10,2930.00,1180.90,20,54.0,3170.25,-7.58,1150.40,2.65
2021-11-11,2925.00,1180.80,20,54.0,3170.25,-7.74,1150.40,2.64
2021-11-12,2969.00,1179.60,19,53.0,3170.25,-6.35,1150.40,2.54
2021-11-15,3000.00,1178.40,19,55.0,3170.25,-5.37,1150.40,2.43
2021-11-16,2997.00,1179.90,19,55.0,3170.25,-5.46,1150.40,2.56
2021-11-17,2962.00,1182.50,19,55.0,3170.25,-6.57,1150.40,2.79
2021-11-18,2947.00,1180.40,19,56.0,3170.25,-7.04,1150.40,2.61
2021-11-19,2971.00,1185.30,19,54.0,3170.25,-6.28,1150.40,3.03
2021-11-22,3013.00,1185.10,19,54.0,3170.25,-4.96,1150.40,3.02
2021-11-23,2997.00,1189.70,19,55.0,3170.25,-5.46,1150.40,3.42
2021-11-24,2994.00,1186.50,19,56.0,3170.25,-5.56,1150.40,3.14
2021-11-25,2980.00,1190.20,19,57.0,3170.25,-6.00,1150.40,3.46
2021-11-26,2936.00,1193.30,19,57.0,3170.25,-7.39,1150.40,3.73
2021-11-29,2909.00,1193.00,20,58.0,3170.25,-8.24,1150.40,3.70
2021-11-30,2839.00,1187.90,20,57.0,3170.25,-10.45,1150.40,3.26
2021-12-01,2900.00,1179.20,21,58.0,3133.86,-7.46,1159.86,1.67
2021-12-02,2945.00,1175.90,20,56.0,3133.86,-6.03,1159.86,1.38
2021-12-03,2968.00,1180.10,21,56.0,3133.86,-5.29,1159.86,1.74
2021-12-06,2973.00,1183.00,21,57.0,3133.86,-5.13,1159.86,1.99
2021-12-07,2992.00,1179.50,21,58.0,3133.86,-4.53,1159.86,1.69
2021-12-08,3002.00,1175.90,20,58.0,3133.86,-4.21,1159.86,1.38
2021-12-09,3030.00,1174.50,21,60.0,3133.86,-3.31,1159.86,1.26
2021-12-10,3010.00,1181.30,21,59.0,3133.86,-3.95,1159.86,1.85
2021-12-13,3002.00,1180.80,21,61.0,3133.86,-4.21,1159.86,1.81
2021-12-15,2989.00,1185.20,22,62.0,3133.86,-4.62,1159.86,2.18
2021-12-16,3006.00,1183.90,21,63.0,3133.86,-4.08,1159.86,2.07
2021-12-17,3018.00,1180.90,21,63.0,3133.86,-3.70,1159.86,1.81
2021-12-20,2963.00,1190.80,21,63.0,3133.86,-5.45,1159.86,2.67
2021-12-21,2975.00,1192.90,21,64.0,3133.86,-5.07,1159.86,2.85
2021-12-22,2984.00,1192.00,22,63.0,3133.86,-4.78,1159.86,2.77
2021-12-23,2998.00,1187.90,21,63.0,3133.86,-4.34,1159.86,2.42
2021-12-24,3012.00,1186.60,21,64.0,3133.86,-3.89,1159.86,2.31
2021-12-27,3000.00,1186.80,21,63.0,3133.86,-4.27,1159.86,2.32
2021-12-28,3020.00,1188.00,21,63.0,3133.86,-3.63,1159.86,2.43
2021-12-29,2993.00,1186.50,21,63.0,3133.86,-4.49,1159.86,2.30
2021-12-30,2978.00,1188.80,21,62.0,3133.86,-4.97,1159.86,2.49
2021-12-31,2978.00,1188.80,21,62.0,3133.86,-4.97,1159.86,2.49
2022-01-03,2989.00,1191.80,21,60.0,3085.36,-3.12,1170.96,1.78
2022-01-04,2989.00,1194.10,21,60.0,3085.36,-3.12,1170.96,1.98
2022-01-05,2954.00,1196.90,21,60.0,3085.36,-4.26,1170.96,2.21
2022-01-06,2921.00,1201.00,23,58.0,3085.36,-5.33,1170.96,2.57
2022-01-07,2955.00,1201.50,24,57.0,3085.36,-4.23,1170.96,2.61
2022-01-10,2927.00,1199.10,24,56.0,3085.36,-5.13,1170.96,2.40
2022-01-11,2927.00,1194.70,23,57.0,3085.36,-5.13,1170.96,2.03
2022-01-12,2972.00,1190.50,23,58.0,3085.36,-3.67,1170.96,1.67
2022-01-13,2962.00,1187.50,23,59.0,3085.36,-4.00,1170.96,1.41
2022-01-14,2922.00,1187.30,24,56.0,3085.36,-5.29,1170.96,1.40
2022-01-17,2890.00,1192.70,24,55.0,3085.36,-6.33,1170.96,1.86
2022-01-18,2864.00,1190.10,24,56.0,3085.36,-7.17,1170.96,1.63
2022-01-19,2842.00,1191.70,24,58.0,3085.36,-7.89,1170.96,1.77
2022-01-20,2863.00,1192.40,23,56.0,3085.36,-7.21,1170.96,1.83
2022-01-21,2834.00,1194.00,23,56.0,3085.36,-8.15,1170.96,1.97
2022-01-24,2792.00,1196.10,24,57.0,3085.36,-9.51,1170.96,2.15
2022-01-25,2720.00,1198.60,25,56.0,3085.36,-11.84,1170.96,2.36
2022-01-26,2709.00,1197.70,24,55.0,3085.36,-12.20,1170.96,2.28
2022-01-27,2614.00,1202.80,24,56.0,3085.36,-15.28,1170.96,2.72
2022-01-28,2663.00,1205.50,25,58.0,3085.36,-13.69,1170.96,2.95
2022-02-03,2708.00,1206.40,25,57.0,3020.10,-10.33,1179.42,2.29
2022-02-04,2750.00,1197.00,25,58.0,3020.10,-8.94,1179.42,1.49
2022-02-07,2745.00,1200.70,26,58.0,3020.10,-9.11,1179.42,1.80
2022-02-08,2746.00,1197.70,27,57.0,3020.10,-9.08,1179.42,1.55
2022-02-09,2769.00,1196.50,26,58.0,3020.10,-8.31,1179.42,1.45
2022-02-10,2772.00,1196.50,26,59.0,3020.10,-8.21,1179.42,1.45
2022-02-14,2704.00,1191.10,27,58.0,3020.10,-10.47,1179.42,0.99
2022-02-15,2677.00,1199.80,28,58.0,3020.10,-11.36,1179.42,1.73
2022-02-16,2730.00,1197.60,28,58.0,3020.10,-9.61,1179.42,1.54
2022-02-17,2744.00,1197.10,27,60.0,3020.10,-9.14,1179.42,1.50
2022-02-18,2745.00,1195.90,28,60.0,3020.10,-9.11,1179.42,1.40
2022-02-21,2744.00,1192.10,28,59.0,3020.10,-9.14,1179.42,1.08
2022-02-22,2707.00,1192.70,27,59.0,3020.10,-10.37,1179.42,1.13
2022-02-23,2720.00,1193.60,27,59.0,3020.10,-9.94,1179.42,1.20
2022-02-24,2649.00,1202.40,27,60.0,3020.10,-12.29,1179.42,1.95
2022-02-25,2677.00,1201.60,28,61.0,3020.10,-11.36,1179.42,1.88
2022-02-28,2699.00,1202.30,29,62.0,3020.10,-10.63,1179.42,1.94
2022-03-02,2704.00,1206.10,31,62.0,2948.36,-8.29,1185.32,1.75
2022-03-03,2747.00,1204.60,30,64.0,2948.36,-6.83,1185.32,1.63
2022-03-04,2713.00,1214.20,29,64.0,2948.36,-7.98,1185.32,2.44
2022-03-07,2651.00,1227.10,31,63.0,2948.36,-10.09,1185.32,3.53
2022-03-08,2622.00,1237.00,35,64.0,2948.36,-11.07,1185.32,4.36
2022-03-10,2680.00,1228.30,32,66.0,2948.36,-9.10,1185.32,3.63
2022-03-11,2661.00,1232.00,29,66.0,2948.36,-9.75,1185.32,3.94
2022-03-14,2646.00,1242.30,31,67.0,2948.36,-10.26,1185.32,4.81
2022-03-15,2622.00,1242.80,32,68.0,2948.36,-11.07,1185.32,4.85
2022-03-16,2659.00,1235.70,33,68.0,2948.36,-9.81,1185.32,4.25
2022-03-17,2695.00,1214.30,30,68.0,2948.36,-8.59,1185.32,2.45
2022-03-18,2707.00,1207.60,28,68.0,2948.36,-8.19,1185.32,1.88
2022-03-21,2686.00,1216.30,28,67.0,2948.36,-8.90,1185.32,2.61
2022-03-22,2710.00,1218.10,29,65.0,2948.36,-8.08,1185.32,2.77
2022-03-23,2735.00,1213.80,29,64.0,2948.36,-7.24,1185.32,2.40
2022-03-24,2730.00,1218.80,29,64.0,2948.36,-7.41,1185.32,2.82
2022-03-25,2730.00,1218.80,29,65.0,2948.36,-7.41,1185.32,2.82
2022-03-28,2730.00,1227.30,28,64.0,2948.36,-7.41,1185.32,3.54
2022-03-29,2741.00,1219.80,30,65.0,2948.36,-7.03,1185.32,2.91
2022-03-30,2747.00,1209.60,28,67.0,2948.36,-6.83,1185.32,2.05
2022-03-31,2758.00,1212.10,28,68.0,2948.36,-6.46,1185.32,2.26
2022-04-01,2740.00,1215.50,29,68.0,2876.21,-4.74,1193.82,1.82
2022-04-04,2758.00,1214.40,29,66.0,2876.21,-4.11,1193.82,1.72
2022-04-05,2759.00,1212.70,28,66.0,2876.21,-4.08,1193.82,1.58
2022-04-06,2735.00,1218.30,29,65.0,2876.21,-4.91,1193.82,2.05
2022-04-07,2696.00,1219.50,30,65.0,2876.21,-6.27,1193.82,2.15
2022-04-08,2700.00,1225.10,30,65.0,2876.21,-6.13,1193.82,2.62
2022-04-11,2693.00,1233.10,30,62.0,2876.21,-6.37,1193.82,3.29
2022-04-12,2667.00,1236.20,32,66.0,2876.21,-7.27,1193.82,3.55
2022-04-13,2716.00,1228.00,32,69.0,2876.21,-5.57,1193.82,2.86
2022-04-14,2717.00,1224.70,31,69.0,2876.21,-5.54,1193.82,2.59
2022-04-15,2696.00,1229.60,32,70.0,2876.21,-6.27,1193.82,3.00
2022-04-18,2693.00,1234.40,32,70.0,2876.21,-6.37,1193.82,3.40
2022-04-19,2719.00,1236.90,32,69.0,2876.21,-5.47,1193.82,3.61
2022-04-20,2719.00,1236.10,33,70.0,2876.21,-5.47,1193.82,3.54
2022-04-21,2728.00,1239.00,33,72.0,2876.21,-5.15,1193.82,3.78
2022-04-22,2705.00,1239.10,34,72.0,2876.21,-5.95,1193.82,3.79
2022-04-25,2657.00,1249.90,36,74.0,2876.21,-7.62,1193.82,4.70
2022-04-26,2668.00,1250.80,38,75.0,2876.21,-7.24,1193.82,4.77
2022-04-27,2639.00,1265.20,39,70.0,2876.21,-8.25,1193.82,5.98
2022-04-28,2667.00,1272.50,39,71.0,2876.21,-7.27,1193.82,6.59
2022-04-29,2695.00,1255.90,40,72.0,2876.21,-6.30,1193.82,5.20
2022-05-02,2687.00,1265.10,40,70.0,2829.13,-5.02,1202.71,5.19
2022-05-03,2680.00,1267.80,40,72.0,2829.13,-5.27,1202.71,5.41
2022-05-04,2678.00,1266.30,42,71.0,2829.13,-5.34,1202.71,5.29
2022-05-06,2645.00,1272.70,42,72.0,2829.13,-6.51,1202.71,5.82
2022-05-09,2611.00,1274.00,42,74.0,2829.13,-7.71,1202.71,5.93
2022-05-10,2597.00,1276.40,43,72.0,2829.13,-8.20,1202.71,6.13
2022-05-11,2592.00,1275.30,43,76.0,2829.13,-8.38,1202.71,6.04
2022-05-12,2550.00,1288.60,41,76.0,2829.13,-9.87,1202.71,7.14
2022-05-13,2604.00,1284.20,44,76.0,2829.13,-7.96,1202.71,6.78
2022-05-16,2597.00,1284.10,46,73.0,2829.13,-8.20,1202.71,6.77
2022-05-17,2620.00,1275.00,46,75.0,2829.13,-7.39,1202.71,6.01
2022-05-18,2626.00,1266.60,45,76.0,2829.13,-7.18,1202.71,5.31
2022-05-19,2592.00,1277.70,45,77.0,2829.13,-8.38,1202.71,6.23
2022-05-20,2639.00,1268.10,48,77.0,2829.13,-6.72,1202.71,5.44
2022-05-23,2647.00,1264.10,48,78.0,2829.13,-6.44,1202.71,5.10
2022-05-24,2606.00,1266.20,47,77.0,2829.13,-7.89,1202.71,5.28
2022-05-25,2617.00,1264.60,47,77.0,2829.13,-7.50,1202.71,5.15
2022-05-26,2612.00,1267.00,46,77.0,2829.13,-7.67,1202.71,5.35
2022-05-27,2638.00,1256.20,45,78.0,2829.13,-6.76,1202.71,4.45
2022-05-30,2670.00,1238.60,46,78.0,2829.13,-5.62,1202.71,2.98
2022-05-31,2686.00,1237.20,43,78.0,2829.13,-5.06,1202.71,2.87
2022-06-02,2659.00,1252.10,45,77.0,2770.21,-4.01,1217.50,2.84
2022-06-03,2671.00,1242.70,45,78.0,2770.21,-3.58,1217.50,2.07
2022-06-07,2626.00,1257.70,44,77.0,2770.21,-5.21,1217.50,3.30
2022-06-08,2626.00,1253.80,43,77.0,2770.21,-5.21,1217.50,2.98
2022-06-09,2625.00,1256.90,43,79.0,2770.21,-5.24,1217.50,3.24
2022-06-10,2596.00,1268.90,45,72.0,2770.21,-6.29,1217.50,4.22
2022-06-13,2505.00,1284.00,48,71.0,2770.21,-9.57,1217.50,5.46
2022-06-14,2493.00,1286.40,52,72.0,2770.21,-10.01,1217.50,5.66
2022-06-15,2447.00,1290.50,52,70.0,2770.21,-11.67,1217.50,6.00
2022-06-16,2451.00,1285.60,49,71.0,2770.21,-11.52,1217.50,5.59
2022-06-20,2391.00,1292.40,50,71.0,2770.21,-13.69,1217.50,6.15
2022-06-22,2343.00,1297.30,48,76.0,2770.21,-15.42,1217.50,6.55
2022-06-23,2314.00,1301.80,48,75.0,2770.21,-16.47,1217.50,6.92
2022-06-24,2367.00,1298.20,50,78.0,2770.21,-14.56,1217.50,6.63
2022-06-27,2402.00,1286.50,48,77.0,2770.21,-13.29,1217.50,5.67
2022-06-28,2422.00,1283.40,49,79.0,2770.21,-12.57,1217.50,5.41
2022-06-29,2378.00,1299.00,49,81.0,2770.21,-14.16,1217.50,6.69
2022-06-30,2333.00,1298.40,50,81.0,2770.21,-15.78,1217.50,6.64
2022-07-01,2305.00,1297.30,54,82.0,2685.42,-14.17,1233.24,5.19
2022-07-04,2300.00,1297.10,53,81.7,2685.42,-14.35,1233.24,5.18
2022-07-05,2342.00,1300.30,54,82.7,2685.42,-12.79,1233.24,5.44
2022-07-06,2292.00,1306.30,56,84.7,2685.42,-14.65,1233.24,5.92
2022-07-07,2334.00,1299.80,56,85.1,2685.42,-13.09,1233.24,5.40
2022-07-08,2351.00,1300.40,53,87.1,2685.42,-12.45,1233.24,5.45
2022-07-11,2340.00,1303.90,52,87.4,2685.42,-12.86,1233.24,5.73
2022-07-12,2318.00,1312.10,53,86.7,2685.42,-13.68,1233.24,6.39
2022-07-13,2329.00,1306.90,53,88.3,2685.42,-13.27,1233.24,5.97
2022-07-14,2322.00,1312.10,53,87.9,2685.42,-13.53,1233.24,6.39
2022-07-15,2331.00,1326.10,52,88.6,2685.42,-13.20,1233.24,7.53
2022-07-18,2375.00,1317.40,51,89.2,2685.42,-11.56,1233.24,6.82
2022-07-19,2371.00,1313.40,52,90.0,2685.42,-11.71,1233.24,6.50
2022-07-20,2387.00,1312.90,51,90.1,2685.42,-11.11,1233.24,6.46
2022-07-21,2409.00,1307.70,48,90.8,2685.42,-10.29,1233.24,6.04
2022-07-22,2393.00,1313.00,48,91.7,2685.42,-10.89,1233.24,6.47
2022-07-25,2404.00,1313.70,47,92.9,2685.42,-10.48,1233.24,6.52
2022-07-26,2413.00,1307.60,45,94.2,2685.42,-10.14,1233.24,6.03
2022-07-28,2435.00,1296.10,45,95.2,2685.42,-9.33,1233.24,5.10
2022-07-29,2452.00,1299.10,42,96.0,2685.42,-8.69,1233.24,5.34
2022-08-01,2452.00,1304.00,40,96.2,2599.77,-5.68,1252.20,4.14
2022-08-03,2461.00,1310.30,44,98.0,2599.77,-5.34,1252.20,4.64
2022-08-04,2473.00,1310.10,41,97.7,2599.77,-4.88,1252.20,4.62
2022-08-05,2491.00,1298.30,41,97.7,2599.77,-4.18,1252.20,3.68
2022-08-08,2493.00,1306.40,40,97.9,2599.77,-4.11,1252.20,4.33
2022-08-09,2503.00,1304.60,39,98.5,2599.77,-3.72,1252.20,4.18
2022-08-10,2481.00,1310.40,39,97.9,2599.77,-4.57,1252.20,4.65
2022-08-11,2524.00,1303.00,35,98.7,2599.77,-2.91,1252.20,4.06
2022-08-12,2528.00,1302.40,35,97.8,2599.77,-2.76,1252.20,4.01
2022-08-16,2534.00,1308.10,35,97.9,2599.77,-2.53,1252.20,4.46
2022-08-17,2516.00,1310.30,34,98.9,2599.77,-3.22,1252.20,4.64
2022-08-18,2508.00,1320.70,36,98.9,2599.77,-3.53,1252.20,5.47
2022-08-19,2493.00,1325.90,35,98.9,2599.77,-4.11,1252.20,5.89
2022-08-22,2463.00,1339.80,36,99.0,2599.77,-5.26,1252.20,7.00
2022-08-23,2435.00,1345.50,38,98.9,2599.77,-6.34,1252.20,7.45
2022-08-24,2447.00,1342.10,35,98.7,2599.77,-5.88,1252.20,7.18
2022-08-25,2477.00,1335.20,33,97.6,2599.77,-4.72,1252.20,6.63
2022-08-29,2427.00,1350.40,35,96.8,2599.77,-6.65,1252.20,7.84
2022-08-30,2451.00,1346.70,35,97.6,2599.77,-5.72,1252.20,7.55
2022-08-31,2472.00,1337.60,35,97.3,2599.77,-4.91,1252.20,6.82
2022-09-01,2416.00,1354.90,32,96.9,2562.94,-5.73,1271.16,6.59
2022-09-02,2409.00,1362.60,33,97.7,2562.94,-6.01,1271.16,7.19
2022-09-05,2404.00,1371.40,32,98.0,2562.94,-6.20,1271.16,7.89
2022-09-06,2410.00,1371.70,33,98.0,2562.94,-5.97,1271.16,7.91
2022-09-07,2376.00,1384.20,33,98.3,2562.94,-7.29,1271.16,8.89
2022-09-13,2450.00,1373.60,31,98.9,2562.94,-4.41,1271.16,8.06
2022-09-14,2411.00,1390.90,33,99.4,2562.94,-5.93,1271.16,9.42
2022-09-15,2402.00,1393.70,32,98.9,2562.94,-6.28,1271.16,9.64
2022-09-16,2383.00,1388.00,32,99.1,2562.94,-7.02,1271.16,9.19
2022-09-19,2356.00,1393.60,33,99.2,2562.94,-8.07,1271.16,9.63
2022-09-21,2347.00,1394.20,38,99.6,2562.94,-8.43,1271.16,9.68
2022-09-22,2332.00,1409.70,40,98.8,2562.94,-9.01,1271.16,10.90
2022-09-23,2290.00,1409.30,45,99.0,2562.94,-10.65,1271.16,10.87
2022-09-26,2221.00,1431.30,50,98.0,2562.94,-13.34,1271.16,12.60
2022-09-27,2224.00,1421.50,54,100.4,2562.94,-13.22,1271.16,11.83
2022-09-29,2171.00,1438.90,55,107.5,2562.94,-15.29,1271.16,13.20
2022-09-30,2155.00,1430.20,61,109.4,2562.94,-15.92,1271.16,12.51
2022-10-04,2209.00,1426.50,57,109.4,2505.97,-11.85,1298.15,9.89
2022-10-05,2215.00,1410.10,54,108.5,2505.97,-11.61,1298.15,8.62
2022-10-06,2238.00,1402.40,55,108.6,2505.97,-10.69,1298.15,8.03
2022-10-07,2233.00,1412.40,56,108.2,2505.97,-10.89,1298.15,8.80
2022-10-11,2192.00,1435.20,60,109.4,2505.97,-12.53,1298.15,10.56
2022-10-12,2202.00,1424.90,62,110.3,2505.97,-12.13,1298.15,9.76
2022-10-13,2163.00,1431.30,61,110.7,2505.97,-13.69,1298.15,10.26
2022-10-17,2220.00,1435.30,62,113.4,2505.97,-11.41,1298.15,10.57
2022-10-18,2250.00,1422.70,60,116.6,2505.97,-10.21,1298.15,9.59
2022-10-19,2237.00,1426.20,58,120.2,2505.97,-10.73,1298.15,9.86
2022-10-20,2218.00,1433.30,59,123.8,2505.97,-11.49,1298.15,10.41
2022-10-21,2213.00,1439.80,62,124.1,2505.97,-11.69,1298.15,10.91
2022-10-24,2236.00,1439.70,62,128.7,2505.97,-10.77,1298.15,10.90
2022-10-25,2235.00,1433.10,64,130.7,2505.97,-10.81,1298.15,10.40
2022-10-26,2250.00,1426.60,64,134.5,2505.97,-10.21,1298.15,9.90
2022-10-27,2289.00,1417.00,64,136.6,2505.97,-8.66,1298.15,9.16
2022-10-28,2268.00,1421.50,65,137.5,2505.97,-9.50,1298.15,9.50
2022-11-01,2335.00,1417.20,70,141.8,2427.43,-3.81,1329.06,6.63
2022-11-02,2337.00,1417.40,69,143.8,2427.43,-3.73,1329.06,6.65
2022-11-03,2329.00,1423.80,70,145.8,2427.43,-4.06,1329.06,7.13
2022-11-04,2348.00,1419.20,75,147.3,2427.43,-3.27,1329.06,6.78
2022-11-08,2399.00,1384.90,65,148.6,2427.43,-1.17,1329.06,4.20
2022-11-10,2402.00,1377.50,63,151.8,2427.43,-1.05,1329.06,3.64
2022-11-11,2483.00,1318.40,58,152.7,2427.43,2.29,1329.06,-0.80
2022-11-14,2475.00,1325.90,56,157.0,2427.43,1.96,1329.06,-0.24
2022-11-15,2480.00,1317.60,53,159.3,2427.43,2.17,1329.06,-0.86
2022-11-16,2477.00,1325.00,54,160.8,2427.43,2.04,1329.06,-0.31
2022-11-17,2443.00,1339.10,52,160.6,2427.43,0.64,1329.06,0.76
2022-11-18,2444.00,1340.30,53,164.2,2427.43,0.68,1329.06,0.85
2022-11-21,2420.00,1354.70,52,165.5,2427.43,-0.31,1329.06,1.93
2022-11-22,2405.00,1356.60,55,167.2,2427.43,-0.92,1329.06,2.07
2022-11-23,2418.00,1351.80,53,168.7,2427.43,-0.39,1329.06,1.71
2022-11-24,2441.00,1328.20,52,171.3,2427.43,0.56,1329.06,-0.06
2022-11-25,2438.00,1323.70,52,173.2,2427.43,0.44,1329.06,-0.40
2022-11-28,2408.00,1340.20,50,173.6,2427.43,-0.80,1329.06,0.84
2022-11-29,2433.00,1326.60,51,174.5,2427.43,0.23,1329.06,-0.19
2022-11-30,2473.00,1318.80,50,175.6,2427.43,1.88,1329.06,-0.77
2022-12-01,2480.00,1299.70,50,177.7,2388.34,3.84,1345.14,-3.38
2022-12-02,2434.00,1299.90,49,177.0,2388.34,1.91,1345.14,-3.36
2022-12-05,2419.00,1292.60,51,176.1,2388.34,1.28,1345.14,-3.91
2022-12-06,2393.00,1318.80,52,175.4,2388.34,0.20,1345.14,-1.96
2022-12-07,2383.00,1321.70,53,173.9,2388.34,-0.22,1345.14,-1.74
2022-12-08,2371.00,1318.00,54,173.6,2388.34,-0.73,1345.14,-2.02
2022-12-09,2389.00,1301.30,54,173.4,2388.34,0.03,1345.14,-3.26
2022-12-12,2373.00,1307.20,54,176.0,2388.34,-0.64,1345.14,-2.82
2022-12-13,2372.00,1306.00,53,175.1,2388.34,-0.68,1345.14,-2.91
2022-12-14,2399.00,1296.30,50,174.2,2388.34,0.45,1345.14,-3.63
2022-12-15,2361.00,1303.10,51,172.7,2388.34,-1.14,1345.14,-3.13
2022-12-16,2360.00,1305.40,53,168.8,2388.34,-1.19,1345.14,-2.95
2022-12-19,2352.00,1302.90,56,167.2,2388.34,-1.52,1345.14,-3.14
2022-12-20,2333.00,1289.60,56,164.8,2388.34,-2.32,1345.14,-4.13
2022-12-21,2329.00,1285.70,56,163.4,2388.34,-2.48,1345.14,-4.42
2022-12-22,2357.00,1276.20,55,162.5,2388.34,-1.31,1345.14,-5.12
2022-12-23,2314.00,1280.80,55,159.2,2388.34,-3.11,1345.14,-4.78
2022-12-26,2317.00,1274.80,53,157.2,2388.34,-2.99,1345.14,-5.23
2022-12-27,2333.00,1271.40,53,155.7,2388.34,-2.32,1345.14,-5.48
2022-12-28,2280.00,1267.00,52,153.5,2388.34,-4.54,1345.14,-5.81
2022-12-29,2236.00,1264.50,53,151.9,2388.34,-6.38,1345.14,-5.99
2022-12-30,2236.00,1264.50,54,150.9,2388.34,-6.38,1345.14,-5.99
2023-01-02,2226.00,1272.60,55,148.0,2367.81,-5.99,1345.41,-5.41
2023-01-03,2219.00,1271.00,55,147.0,2367.81,-6.28,1345.41,-5.53
2023-01-04,2256.00,1271.70,53,144.6,2367.81,-4.72,1345.41,-5.48
2023-01-05,2265.00,1269.40,53,141.6,2367.81,-4.34,1345.41,-5.65
2023-01-06,2290.00,1268.60,52,138.1,2367.81,-3.29,1345.41,-5.71
2023-01-09,2350.00,1243.50,49,135.3,2367.81,-0.75,1345.41,-7.57
2023-01-11,2351.00,1244.70,46,133.1,2367.81,-0.71,1345.41,-7.49
2023-01-12,2365.00,1245.80,45,126.4,2367.81,-0.12,1345.41,-7.40
2023-01-13,2386.00,1241.30,45,125.1,2367.81,0.77,1345.41,-7.74
2023-01-16,2400.00,1235.30,43,120.7,2367.81,1.36,1345.41,-8.18
2023-01-17,2379.00,1238.70,43,119.3,2367.81,0.47,1345.41,-7.93
2023-01-18,2368.00,1237.40,42,117.0,2367.81,0.01,1345.41,-8.03
2023-01-19,2380.00,1232.10,42,119.4,2367.81,0.51,1345.41,-8.42
2023-01-20,2395.00,1235.50,42,112.3,2367.81,1.15,1345.41,-8.17
2023-01-25,2429.00,1231.70,40,111.5,2367.81,2.58,1345.41,-8.45
2023-01-26,2469.00,1230.70,40,108.8,2367.81,4.27,1345.41,-8.53
2023-01-27,2484.00,1231.30,40,106.0,2367.81,4.91,1345.41,-8.48
2023-01-30,2450.00,1227.40,39,103.9,2367.81,3.47,1345.41,-8.77
2023-01-31,2425.00,1231.90,41,101.9,2367.81,2.42,1345.41,-8.44
2023-02-01,2450.00,1231.30,41,100.5,2368.26,3.45,1335.52,-7.80
2023-02-02,2469.00,1220.30,40,99.4,2368.26,4.25,1335.52,-8.63
2023-02-03,2480.00,1229.40,38,97.1,2368.26,4.72,1335.52,-7.95
2023-02-06,2438.00,1252.80,40,95.4,2368.26,2.94,1335.52,-6.19
2023-02-07,2452.00,1255.30,41,92.9,2368.26,3.54,1335.52,-6.01
2023-02-08,2484.00,1260.10,42,90.9,2368.26,4.89,1335.52,-5.65
2023-02-09,2482.00,1260.40,42,85.3,2368.26,4.80,1335.52,-5.62
2023-02-10,2470.00,1265.20,41,83.3,2368.26,4.30,1335.52,-5.27
2023-02-13,2453.00,1277.30,42,80.0,2368.26,3.58,1335.52,-4.36
2023-02-14,2466.00,1269.40,42,77.8,2368.26,4.13,1335.52,-4.95
2023-02-15,2428.00,1282.20,41,75.3,2368.26,2.52,1335.52,-3.99
2023-02-16,2475.00,1284.80,41,73.5,2368.26,4.51,1335.52,-3.80
2023-02-17,2451.00,1299.50,41,70.6,2368.26,3.49,1335.52,-2.70
2023-02-20,2455.00,1294.50,43,69.2,2368.26,3.66,1335.52,-3.07
2023-02-21,2459.00,1295.90,43,70.1,2368.26,3.83,1335.52,-2.97
2023-02-22,2418.00,1304.90,46,69.7,2368.26,2.10,1335.52,-2.29
2023-02-23,2439.00,1297.10,46,71.2,2368.26,2.99,1335.52,-2.88
2023-02-24,2424.00,1304.80,44,70.0,2368.26,2.35,1335.52,-2.30
2023-02-27,2403.00,1323.00,45,68.3,2368.26,1.47,1335.52,-0.94
2023-02-28,2413.00,1322.60,45,68.7,2368.26,1.89,1335.52,-0.97
2023-03-02,2428.00,1315.60,44,68.0,2362.87,2.76,1327.86,-0.92
2023-03-03,2432.00,1301.60,44,68.0,2362.87,2.93,1327.86,-1.98
2023-03-06,2463.00,1296.90,41,68.4,2362.87,4.24,1327.86,-2.33
2023-03-07,2463.00,1299.40,41,68.4,2362.87,4.24,1327.86,-2.14
2023-03-08,2432.00,1321.40,42,67.9,2362.87,2.93,1327.86,-0.49
2023-03-09,2419.00,1322.20,42,68.2,2362.87,2.38,1327.86,-0.43
2023-03-10,2395.00,1324.20,42,69.3,2362.87,1.36,1327.86,-0.28
2023-03-13,2411.00,1301.80,43,71.4,2362.87,2.04,1327.86,-1.96
2023-03-14,2349.00,1311.10,44,70.2,2362.87,-0.59,1327.86,-1.26
2023-03-15,2380.00,1303.70,43,69.6,2362.87,0.72,1327.86,-1.82
2023-03-17,2396.00,1302.20,42,69.5,2362.87,1.40,1327.86,-1.93
2023-03-21,2388.00,1311.20,44,72.2,2362.87,1.06,1327.86,-1.25
2023-03-22,2417.00,1307.70,44,73.0,2362.87,2.29,1327.86,-1.52
2023-03-23,2424.00,1278.30,43,76.4,2362.87,2.59,1327.86,-3.73
2023-03-24,2415.00,1294.30,44,76.8,2362.87,2.21,1327.86,-2.53
2023-03-27,2409.00,1301.50,44,76.9,2362.87,1.95,1327.86,-1.98
2023-03-28,2435.00,1298.80,44,77.9,2362.87,3.05,1327.86,-2.19
2023-03-29,2444.00,1302.70,44,77.8,2362.87,3.43,1327.86,-1.89
2023-03-30,2453.00,1299.00,44,79.5,2362.87,3.81,1327.86,-2.17
2023-03-31,2477.00,1301.90,45,80.4,2362.87,4.83,1327.86,-1.95
2023-04-03,2472.00,1316.50,44,79.7,2376.30,4.03,1314.23,0.17
2023-04-04,2481.00,1315.80,44,80.2,2376.30,4.41,1314.23,0.12
2023-04-05,2495.00,1310.50,45,80.8,2376.30,5.00,1314.23,-0.28
2023-04-06,2459.00,1319.10,45,81.1,2376.30,3.48,1314.23,0.37
2023-04-07,2490.00,1316.70,45,80.9,2376.30,4.78,1314.23,0.19
2023-04-10,2512.00,1319.70,46,81.2,2376.30,5.71,1314.23,0.42
2023-04-11,2548.00,1322.20,46,81.0,2376.30,7.23,1314.23,0.61
2023-04-12,2551.00,1325.70,45,80.9,2376.30,7.35,1314.23,0.87
2023-04-13,2562.00,1310.40,45,81.0,2376.30,7.81,1314.23,-0.29
2023-04-14,2571.00,1298.90,45,80.7,2376.30,8.19,1314.23,-1.17
2023-04-17,2576.00,1311.10,44,80.5,2376.30,8.40,1314.23,-0.24
2023-04-18,2571.00,1318.60,45,80.7,2376.30,8.19,1314.23,0.33
2023-04-19,2575.00,1325.70,45,80.9,2376.30,8.36,1314.23,0.87
2023-04-20,2563.00,1322.80,45,81.2,2376.30,7.86,1314.23,0.65
2023-04-21,2544.00,1328.20,46,81.6,2376.30,7.06,1314.23,1.06
2023-04-24,2524.00,1334.80,46,82.1,2376.30,6.22,1314.23,1.57
2023-04-25,2489.00,1332.20,46,81.1,2376.30,4.74,1314.23,1.37
2023-04-26,2485.00,1336.30,46,81.0,2376.30,4.57,1314.23,1.68
2023-04-27,2496.00,1338.00,47,80.6,2376.30,5.04,1314.23,1.81
2023-04-28,2502.00,1337.70,45,81.2,2376.30,5.29,1314.23,1.79
2023-05-02,2524.00,1342.10,44,80.5,2421.50,4.23,1299.85,3.25
2023-05-03,2501.00,1338.20,46,81.3,2421.50,3.28,1299.85,2.95
2023-05-04,2501.00,1322.80,46,82.0,2421.50,3.28,1299.85,1.77
2023-05-08,2513.00,1321.40,45,81.8,2421.50,3.78,1299.85,1.66
2023-05-09,2510.00,1323.90,46,81.3,2421.50,3.65,1299.85,1.85
2023-05-10,2497.00,1324.80,45,81.3,2421.50,3.12,1299.85,1.92
2023-05-12,2475.00,1334.50,44,81.0,2421.50,2.21,1299.85,2.67
2023-05-15,2479.00,1337.00,43,81.0,2421.50,2.37,1299.85,2.86
2023-05-16,2480.00,1338.60,43,81.4,2421.50,2.42,1299.85,2.98
2023-05-17,2495.00,1337.20,43,81.0,2421.50,3.04,1299.85,2.87
2023-05-18,2515.00,1334.20,43,80.7,2421.50,3.86,1299.85,2.64
2023-05-19,2538.00,1326.70,42,80.8,2421.50,4.81,1299.85,2.07
2023-05-22,2557.00,1318.10,42,80.6,2421.50,5.60,1299.85,1.40
2023-05-23,2568.00,1312.70,41,80.8,2421.50,6.05,1299.85,0.99
2023-05-24,2567.00,1317.40,42,80.5,2421.50,6.01,1299.85,1.35
2023-05-25,2555.00,1326.00,41,80.0,2421.50,5.51,1299.85,2.01
2023-05-26,2559.00,1324.50,41,80.4,2421.50,5.68,1299.85,1.90
2023-05-30,2586.00,1324.90,41,79.9,2421.50,6.79,1299.85,1.93
2023-05-31,2577.00,1327.20,40,80.3,2421.50,6.42,1299.85,2.10
2023-06-01,2569.00,1321.60,39,80.7,2438.42,5.36,1295.06,2.05
2023-06-02,2601.00,1305.70,39,80.8,2438.42,6.67,1295.06,0.82
2023-06-05,2615.00,1308.10,37,80.5,2438.42,7.24,1295.06,1.01
2023-06-07,2616.00,1303.80,37,80.2,2438.42,7.28,1295.06,0.67
2023-06-08,2611.00,1303.70,37,80.1,2438.42,7.08,1295.06,0.67
2023-06-09,2641.00,1291.50,37,80.3,2438.42,8.31,1295.06,-0.28
2023-06-12,2629.00,1288.30,36,80.9,2438.42,7.82,1295.06,-0.52
2023-06-13,2638.00,1271.40,36,81.3,2438.42,8.18,1295.06,-1.83
2023-06-14,2619.00,1278.50,36,81.1,2438.42,7.41,1295.06,-1.28
2023-06-15,2609.00,1280.50,36,81.1,2438.42,7.00,1295.06,-1.12
2023-06-16,2626.00,1271.90,35,81.0,2438.42,7.69,1295.06,-1.79
2023-06-19,2610.00,1282.00,35,80.7,2438.42,7.04,1295.06,-1.01
2023-06-20,2605.00,1280.30,35,81.3,2438.42,6.83,1295.06,-1.14
2023-06-21,2583.00,1292.00,34,80.7,2438.42,5.93,1295.06,-0.24
2023-06-22,2594.00,1294.90,33,80.8,2438.42,6.38,1295.06,-0.01
2023-06-23,2570.00,1304.20,33,81.0,2438.42,5.40,1295.06,0.71
2023-06-26,2582.00,1306.30,34,80.7,2438.42,5.89,1295.06,0.87
2023-06-27,2581.00,1300.30,34,81.0,2438.42,5.85,1295.06,0.40
2023-06-28,2564.00,1307.30,34,80.8,2438.42,5.15,1295.06,0.95
2023-06-29,2550.00,1317.60,33,80.7,2438.42,4.58,1295.06,1.74
2023-06-30,2564.00,1317.70,33,81.1,2438.42,5.15,1295.06,1.75
2023-07-03,2602.00,1308.00,32,80.8,2482.07,4.83,1295.69,0.95
2023-07-04,2593.00,1301.40,32,81.0,2482.07,4.47,1295.69,0.44
2023-07-05,2579.00,1298.60,32,80.7,2482.07,3.91,1295.69,0.22
2023-07-06,2556.00,1300.90,32,79.9,2482.07,2.98,1295.69,0.40
2023-07-07,2527.00,1305.00,34,79.9,2482.07,1.81,1295.69,0.72
2023-07-10,2521.00,1306.50,34,79.9,2482.07,1.57,1295.69,0.83
2023-07-11,2562.00,1293.70,34,79.9,2482.07,3.22,1295.69,-0.15
2023-07-12,2575.00,1288.70,33,80.8,2482.07,3.74,1295.69,-0.54
2023-07-13,2591.00,1274.00,32,80.6,2482.07,4.39,1295.69,-1.67
2023-07-14,2628.00,1265.80,32,80.6,2482.07,5.88,1295.69,-2.31
2023-07-17,2619.00,1266.60,32,80.3,2482.07,5.52,1295.69,-2.25
2023-07-18,2608.00,1260.40,31,80.2,2482.07,5.07,1295.69,-2.72
2023-07-19,2608.00,1265.60,31,79.8,2482.07,5.07,1295.69,-2.32
2023-07-20,2600.00,1269.90,31,79.8,2482.07,4.75,1295.69,-1.99
2023-07-21,2610.00,1283.40,31,79.7,2482.07,5.15,1295.69,-0.95
2023-07-24,2629.00,1279.90,30,79.3,2482.07,5.92,1295.69,-1.22
2023-07-26,2592.00,1274.50,29,78.6,2482.07,4.43,1295.69,-1.64
2023-07-27,2604.00,1277.70,28,78.7,2482.07,4.91,1295.69,-1.39
2023-07-28,2608.00,1277.00,28,78.8,2482.07,5.07,1295.69,-1.44
2023-07-31,2633.00,1274.60,26,78.6,2482.07,6.08,1295.69,-1.63
2023-08-01,2667.00,1283.80,26,78.8,2519.37,5.86,1301.66,-1.37
2023-08-02,2616.00,1298.50,26,78.9,2519.37,3.84,1301.66,-0.24
2023-08-03,2605.00,1299.10,27,78.2,2519.37,3.40,1301.66,-0.20
2023-08-04,2603.00,1309.80,27,78.1,2519.37,3.32,1301.66,0.63
2023-08-07,2581.00,1306.20,26,77.9,2519.37,2.45,1301.66,0.35
2023-08-08,2574.00,1315.70,27,77.7,2519.37,2.17,1301.66,1.08
2023-08-09,2605.00,1315.70,28,77.6,2519.37,3.40,1301.66,1.08
2023-08-10,2602.00,1316.00,28,77.7,2519.37,3.28,1301.66,1.10
2023-08-11,2591.00,1324.90,28,77.7,2519.37,2.84,1301.66,1.79
2023-08-14,2571.00,1330.90,29,77.3,2519.37,2.05,1301.66,2.25
2023-08-16,2526.00,1336.90,30,77.6,2519.37,0.26,1301.66,2.71
2023-08-17,2520.00,1342.00,31,77.3,2519.37,0.03,1301.66,3.10
2023-08-18,2505.00,1338.30,33,77.2,2519.37,-0.57,1301.66,2.81
2023-08-21,2509.00,1342.60,64,76.8,2519.37,-0.41,1301.66,3.15
2023-08-22,2516.00,1335.50,35,76.7,2519.37,-0.13,1301.66,2.60
2023-08-23,2506.00,1339.70,34,76.5,2519.37,-0.53,1301.66,2.92
2023-08-24,2538.00,1322.60,34,76.5,2519.37,0.74,1301.66,1.61
2023-08-25,2519.00,1325.20,34,76.5,2519.37,-0.01,1301.66,1.81
2023-08-28,2543.00,1323.40,34,76.5,2519.37,0.94,1301.66,1.67
2023-08-29,2552.00,1321.90,33,76.3,2519.37,1.30,1301.66,1.55
2023-08-30,2561.00,1323.40,33,76.4,2519.37,1.65,1301.66,1.67
2023-08-31,2556.00,1321.80,32,76.2,2519.37,1.45,1301.66,1.55
2023-09-01,2564.00,1318.80,32,75.8,2538.37,1.01,1309.36,0.72
2023-09-04,2585.00,1319.80,32,76.0,2538.37,1.84,1309.36,0.80
2023-09-05,2582.00,1330.60,31,76.2,2538.37,1.72,1309.36,1.62
2023-09-06,2563.00,1330.50,32,75.6,2538.37,0.97,1309.36,1.61
2023-09-07,2548.00,1335.40,31,75.2,2538.37,0.38,1309.36,1.99
2023-09-08,2548.00,1333.40,31,75.7,2538.37,0.38,1309.36,1.84
2023-09-11,2557.00,1331.10,31,75.7,2538.37,0.73,1309.36,1.66
2023-09-12,2537.00,1327.80,30,75.8,2538.37,-0.05,1309.36,1.41
2023-09-13,2535.00,1330.00,30,76.4,2538.37,-0.13,1309.36,1.58
2023-09-14,2573.00,1325.70,30,76.0,2538.37,1.36,1309.36,1.25
2023-09-15,2601.00,1325.90,29,75.8,2538.37,2.47,1309.36,1.26
2023-09-18,2575.00,1324.40,29,75.7,2538.37,1.44,1309.36,1.15
2023-09-19,2559.00,1328.50,29,75.4,2538.37,0.81,1309.36,1.46
2023-09-20,2560.00,1330.10,30,75.5,2538.37,0.85,1309.36,1.58
2023-09-21,2515.00,1339.70,32,75.9,2538.37,-0.92,1309.36,2.32
2023-09-22,2508.00,1336.80,33,77.4,2538.37,-1.20,1309.36,2.10
2023-09-25,2496.00,1336.50,34,76.4,2538.37,-1.67,1309.36,2.07
2023-09-26,2463.00,1348.50,34,76.3,2538.37,-2.97,1309.36,2.99
2023-09-27,2465.00,1349.30,34,77.4,2538.37,-2.89,1309.36,3.05
2023-10-04,2406.00,1363.50,36,76.3,2558.55,-5.96,1313.63,3.80
2023-10-05,2404.00,1350.50,38,77.4,2558.55,-6.04,1313.63,2.81
2023-10-06,2409.00,1349.90,39,78.1,2558.55,-5.85,1313.63,2.76
2023-10-10,2403.00,1349.50,39,78.0,2558.55,-6.08,1313.63,2.73
2023-10-11,2450.00,1338.70,38,78.2,2558.55,-4.24,1313.63,1.91
2023-10-13,2456.00,1350.00,38,79.1,2558.55,-4.01,1313.63,2.77
2023-10-17,2460.00,1353.60,38,79.6,2558.55,-3.85,1313.63,3.04
2023-10-18,2463.00,1349.60,39,79.9,2558.55,-3.73,1313.63,2.74
2023-10-19,2416.00,1357.40,40,80.2,2558.55,-5.57,1313.63,3.33
2023-10-20,2375.00,1352.40,41,80.5,2558.55,-7.17,1313.63,2.95
2023-10-23,2357.00,1353.70,43,80.6,2558.55,-7.88,1313.63,3.05
2023-10-24,2384.00,1343.10,43,80.6,2558.55,-6.82,1313.63,2.24
2023-10-25,2363.00,1349.70,42,80.6,2558.55,-7.64,1313.63,2.75
2023-10-26,2299.00,1360.00,45,80.2,2558.55,-10.14,1313.63,3.53
2023-10-27,2303.00,1355.90,45,81.1,2558.55,-9.99,1313.63,3.22
2023-10-30,2311.00,1350.90,43,81.6,2558.55,-9.68,1313.63,2.84
2023-10-31,2278.00,1350.50,43,82.3,2558.55,-10.97,1313.63,2.81
2023-11-01,2302.00,1357.30,43,82.9,2539.46,-9.35,1317.69,3.01
2023-11-02,2343.00,1342.90,42,83.2,2539.46,-7.74,1317.69,1.91
2023-11-03,2368.00,1322.40,40,84.0,2539.46,-6.75,1317.69,0.36
2023-11-06,2502.00,1297.30,38,84.4,2539.46,-1.48,1317.69,-1.55
2023-11-07,2444.00,1307.90,36,84.4,2539.46,-3.76,1317.69,-0.74
2023-11-08,2422.00,1310.60,36,84.7,2539.46,-4.63,1317.69,-0.54
2023-11-09,2427.00,1310.10,35,84.8,2539.46,-4.43,1317.69,-0.58
2023-11-10,2410.00,1316.80,36,84.9,2539.46,-5.10,1317.69,-0.07
2023-11-13,2404.00,1325.10,36,85.0,2539.46,-5.33,1317.69,0.56
2023-11-14,2433.00,1328.90,36,84.7,2539.46,-4.19,1317.69,0.85
2023-11-15,2487.00,1300.80,34,84.7,2539.46,-2.07,1317.69,-1.28
2023-11-16,2488.00,1296.90,34,84.0,2539.46,-2.03,1317.69,-1.58
2023-11-17,2470.00,1296.90,34,82.3,2539.46,-2.74,1317.69,-1.58
2023-11-20,2491.00,1291.60,34,80.2,2539.46,-1.91,1317.69,-1.98
2023-11-21,2510.00,1289.20,31,79.2,2539.46,-1.16,1317.69,-2.16
2023-11-22,2512.00,1300.50,31,78.4,2539.46,-1.08,1317.69,-1.30
2023-11-23,2515.00,1297.50,31,77.4,2539.46,-0.96,1317.69,-1.53
2023-11-24,2497.00,1306.40,30,76.6,2539.46,-1.67,1317.69,-0.86
2023-11-27,2496.00,1303.80,29,75.9,2539.46,-1.71,1317.69,-1.05
2023-11-28,2522.00,1293.70,30,74.9,2539.46,-0.69,1317.69,-1.82
2023-11-29,2520.00,1289.60,30,74.3,2539.46,-0.77,1317.69,-2.13
2023-11-30,2535.00,1290.00,28,73.6,2539.46,-0.18,1317.69,-2.10
2023-12-01,2505.00,1305.80,29,72.2,2526.92,-0.87,1314.31,-0.65
2023-12-04,2515.00,1304.00,28,72.1,2526.92,-0.47,1314.31,-0.78
2023-12-05,2494.00,1311.20,28,71.3,2526.92,-1.30,1314.31,-0.24
2023-12-06,2495.00,1313.10,28,70.7,2526.92,-1.26,1314.31,-0.09
2023-12-07,2492.00,1325.30,28,70.0,2526.92,-1.38,1314.31,0.84
2023-12-08,2518.00,1306.80,28,70.6,2526.92,-0.35,1314.31,-0.57
2023-12-11,2525.00,1316.50,28,71.6,2526.92,-0.08,1314.31,0.17
2023-12-12,2535.00,1314.00,28,72.5,2526.92,0.32,1314.31,-0.02
2023-12-14,2544.00,1295.40,27,72.2,2526.92,0.68,1314.31,-1.44
2023-12-15,2564.00,1296.50,26,72.9,2526.92,1.47,1314.31,-1.36
2023-12-18,2567.00,1297.20,27,72.8,2526.92,1.59,1314.31,-1.30
2023-12-19,2569.00,1307.80,26,72.6,2526.92,1.67,1314.31,-0.50
2023-12-20,2614.00,1298.90,26,74.3,2526.92,3.45,1314.31,-1.17
2023-12-21,2600.00,1305.10,26,73.9,2526.92,2.89,1314.31,-0.70
2023-12-22,2600.00,1303.00,27,73.8,2526.92,2.89,1314.31,-0.86
2023-12-26,2603.00,1294.50,27,74.1,2526.92,3.01,1314.31,-1.51
2023-12-27,2614.00,1294.20,27,73.8,2526.92,3.45,1314.31,-1.53
2023-12-29,2655.00,1288.00,27,74.4,2526.92,5.07,1314.31,-2.00
2024-01-02,2670.00,1300.40,27,74.0,2518.55,6.01,1315.94,-1.18
2024-01-03,2607.00,1304.80,27,73.9,2518.55,3.51,1315.94,-0.85
2024-01-04,2587.00,1310.00,28,75.0,2518.55,2.72,1315.94,-0.45
2024-01-05,2578.00,1315.40,29,74.9,2518.55,2.36,1315.94,-0.04
2024-01-08,2568.00,1316.00,28,74.8,2518.55,1.96,1315.94,0.00
2024-01-09,2561.00,1315.70,29,74.9,2518.55,1.69,1315.94,-0.02
2024-01-10,2542.00,1320.10,29,74.8,2518.55,0.93,1315.94,0.32
2024-01-11,2540.00,1312.90,28,74.9,2518.55,0.85,1315.94,-0.23
2024-01-12,2525.00,1313.50,28,74.9,2518.55,0.26,1315.94,-0.19
2024-01-15,2526.00,1320.20,28,74.8,2518.55,0.30,1315.94,0.32
2024-01-16,2498.00,1331.80,28,74.5,2518.55,-0.82,1315.94,1.20
2024-01-17,2436.00,1344.20,29,74.8,2518.55,-3.28,1315.94,2.15
2024-01-18,2440.00,1339.70,31,74.9,2518.55,-3.12,1315.94,1.81
2024-01-19,2473.00,1339.00,30,75.1,2518.55,-1.81,1315.94,1.75
2024-01-22,2464.00,1338.90,29,75.2,2518.55,-2.17,1315.94,1.74
2024-01-23,2479.00,1333.40,30,75.5,2518.55,-1.57,1315.94,1.33
2024-01-24,2470.00,1337.00,30,75.1,2518.55,-1.93,1315.94,1.60
2024-01-26,2479.00,1336.30,30,74.7,2518.55,-1.57,1315.94,1.55
2024-01-29,2501.00,1335.70,31,74.7,2518.55,-0.70,1315.94,1.50
2024-01-30,2498.80,1329.40,31,74.1,2518.55,-0.78,1315.94,1.02
2024-01-31,2497.00,1334.60,30,74.1,2518.55,-0.86,1315.94,1.42
2024-02-01,2542.00,1331.80,32,73.4,2506.59,1.41,1323.01,0.66
2024-02-02,2615.00,1322.60,34,73.4,2506.59,4.33,1323.01,-0.03
2024-02-05,2591.00,1330.80,33,73.5,2506.59,3.37,1323.01,0.59
2024-02-06,2576.20,1327.60,34,73.6,2506.59,2.78,1323.01,0.35
2024-02-07,2610.00,1327.80,33,73.3,2506.59,4.13,1323.01,0.36
2024-02-14,2620.40,1335.40,32,71.6,2506.59,4.54,1323.01,0.94
2024-02-15,2613.80,1334.00,32,71.2,2506.59,4.28,1323.01,0.83
2024-02-16,2648.80,1335.40,34,71.0,2506.59,5.67,1323.01,0.94
2024-02-20,2657.80,1337.60,32,70.0,2506.59,6.03,1323.01,1.10
2024-02-21,2653.30,1334.70,32,68.8,2506.59,5.85,1323.01,0.88
2024-02-22,2664.30,1328.70,32,68.1,2506.59,6.29,1323.01,0.43
2024-02-23,2667.70,1331.00,32,67.7,2506.59,6.43,1323.01,0.60
2024-02-26,2647.10,1331.10,32,66.5,2506.59,5.61,1323.01,0.61
2024-02-28,2652.30,1333.60,32,65.6,2506.59,5.81,1323.01,0.80
2024-02-29,2642.40,1331.50,32,65.2,2506.59,5.42,1323.01,0.64
2024-03-04,2674.30,1331.30,33,64.8,2511.78,6.47,1324.44,0.52
2024-03-05,2649.40,1334.50,32,64.3,2511.78,5.48,1324.44,0.76
2024-03-06,2641.50,1334.50,33,63.7,2511.78,5.16,1324.44,0.76
2024-03-07,2647.60,1330.90,34,63.8,2511.78,5.41,1324.44,0.49
2024-03-08,2680.40,1319.80,33,63.9,2511.78,6.71,1324.44,-0.35
2024-03-11,2659.80,1310.30,33,63.9,2511.78,5.89,1324.44,-1.07
2024-03-12,2681.80,1311.00,33,64.4,2511.78,6.77,1324.44,-1.02
2024-03-13,2693.60,1314.50,33,64.8,2511.78,7.24,1324.44,-0.75
2024-03-14,2718.80,1317.60,33,64.9,2511.78,8.24,1324.44,-0.52
2024-03-15,2666.80,1330.50,34,64.5,2511.78,6.17,1324.44,0.46
2024-03-18,2685.80,1333.70,34,64.5,2511.78,6.93,1324.44,0.70
2024-03-19,2656.20,1339.80,34,63.9,2511.78,5.75,1324.44,1.16
2024-03-20,2690.10,1339.80,34,63.5,2511.78,7.10,1324.44,1.16
2024-03-21,2754.90,1322.40,34,63.6,2511.78,9.68,1324.44,-0.15
2024-03-22,2748.60,1338.40,35,63.4,2511.78,9.43,1324.44,1.05
2024-03-25,2737.60,1342.10,36,62.5,2511.78,8.99,1324.44,1.33
2024-03-26,2757.10,1339.50,37,62.2,2511.78,9.77,1324.44,1.14
2024-03-27,2755.10,1348.70,38,61.5,2511.78,9.69,1324.44,1.83
2024-03-28,2745.80,1346.20,38,61.0,2511.78,9.32,1324.44,1.64
2024-03-29,2746.60,1347.20,38,60.4,2511.78,9.35,1324.44,1.72
2024-04-01,2747.90,1349.40,38,60.5,2539.63,8.20,1324.49,1.88
2024-04-02,2753.20,1352.10,38,59.3,2539.63,8.41,1324.49,2.08
2024-04-03,2707.00,1348.90,38,58.6,2539.63,6.59,1324.49,1.84
2024-04-04,2742.00,1347.10,39,58.1,2539.63,7.97,1324.49,1.71
2024-04-05,2714.20,1352.80,39,57.3,2539.63,6.87,1324.49,2.14
2024-04-08,2717.70,1353.20,39,56.2,2539.63,7.01,1324.49,2.17
2024-04-09,2705.20,1354.90,39,56.2,2539.63,6.52,1324.49,2.30
2024-04-11,2707.00,1364.10,38,55.0,2539.63,6.59,1324.49,2.99
2024-04-12,2681.80,1375.40,37,55.8,2539.63,5.60,1324.49,3.84
2024-04-15,2670.40,1384.00,38,54.3,2539.63,5.15,1324.49,4.49
2024-04-16,2609.60,1394.50,39,54.1,2539.63,2.76,1324.49,5.29
2024-04-17,2584.20,1386.80,39,53.2,2539.63,1.76,1324.49,4.70
2024-04-18,2634.70,1372.90,40,53.3,2539.63,3.74,1324.49,3.65
2024-04-19,2591.90,1382.20,40,51.4,2539.63,2.06,1324.49,4.36
2024-04-22,2629.40,1379.20,39,50.7,2539.63,3.53,1324.49,4.13
2024-04-23,2623.00,1378.30,39,50.3,2539.63,3.28,1324.49,4.06
2024-04-24,2675.80,1369.20,40,49.5,2539.63,5.36,1324.49,3.38
2024-04-25,2628.60,1375.00,39,48.6,2539.63,3.50,1324.49,3.81
2024-04-26,2656.30,1375.30,38,48.1,2539.63,4.59,1324.49,3.84
2024-04-29,2687.40,1377.00,39,47.2,2539.63,5.82,1324.49,3.96
2024-04-30,2692.10,1382.00,38,46.6,2539.63,6.00,1324.49,4.34
2024-05-02,2683.70,1375.90,38,46.3,2586.33,3.76,1328.57,3.56
2024-05-03,2676.60,1362.80,37,45.8,2586.33,3.49,1328.57,2.58
2024-05-07,2734.40,1360.10,34,46.4,2586.33,5.73,1328.57,2.37
2024-05-08,2745.10,1361.50,34,46.2,2586.33,6.14,1328.57,2.48
2024-05-09,2712.10,1370.10,34,46.0,2586.33,4.86,1328.57,3.13
2024-05-10,2727.60,1368.10,35,45.4,2586.33,5.46,1328.57,2.98
2024-05-13,2727.20,1368.20,35,45.2,2586.33,5.45,1328.57,2.98
2024-05-14,2730.30,1369.10,35,44.6,2586.33,5.57,1328.57,3.05
2024-05-16,2753.00,1345.00,35,44.5,2586.33,6.44,1328.57,1.24
2024-05-17,2724.60,1354.90,35,44.6,2586.33,5.35,1328.57,1.98
2024-05-20,2742.10,1355.90,34,44.1,2586.33,6.02,1328.57,2.06
2024-05-21,2724.20,1363.30,34,44.2,2586.33,5.33,1328.57,2.61
2024-05-22,2723.50,1362.90,34,43.9,2586.33,5.30,1328.57,2.58
2024-05-23,2721.80,1362.40,34,43.8,2586.33,5.24,1328.57,2.55
2024-05-24,2687.60,1369.50,34,43.8,2586.33,3.92,1328.57,3.08
2024-05-27,2723.00,1363.80,35,43.8,2586.33,5.28,1328.57,2.65
2024-05-28,2722.90,1358.50,34,43.4,2586.33,5.28,1328.57,2.25
2024-05-29,2677.30,1365.00,34,43.0,2586.33,3.52,1328.57,2.74
2024-05-30,2635.40,1379.40,35,42.7,2586.33,1.90,1328.57,3.83
2024-05-31,2636.50,1384.50,35,41.9,2586.33,1.94,1328.57,4.21
2024-06-03,2682.50,1376.10,36,41.9,2632.27,1.91,1338.85,2.78
2024-06-04,2662.10,1376.00,35,42.0,2632.27,1.13,1338.85,2.77
2024-06-05,2689.50,1373.00,35,42.6,2632.27,2.17,1338.85,2.55
2024-06-07,2722.70,1365.30,36,42.8,2632.27,3.44,1338.85,1.98
2024-06-10,2701.20,1376.00,36,42.9,2632.27,2.62,1338.85,2.77
2024-06-11,2705.30,1378.40,36,43.4,2632.27,2.77,1338.85,2.95
2024-06-12,2728.20,1376.20,36,43.8,2632.27,3.64,1338.85,2.79
2024-06-13,2754.90,1373.90,35,44.1,2632.27,4.66,1338.85,2.62
2024-06-14,2758.40,1379.30,35,44.2,2632.27,4.79,1338.85,3.02
2024-06-17,2744.10,1381.20,36,45.0,2632.27,4.25,1338.85,3.16
2024-06-18,2763.90,1381.10,36,45.2,2632.27,5.00,1338.85,3.16
2024-06-19,2797.30,1381.80,36,45.8,2632.27,6.27,1338.85,3.21
2024-06-20,2807.60,1384.60,35,45.2,2632.27,6.66,1338.85,3.42
2024-06-21,2784.30,1388.30,35,46.1,2632.27,5.78,1338.85,3.69
2024-06-24,2764.70,1389.00,36,46.2,2632.27,5.03,1338.85,3.75
2024-06-25,2774.40,1387.50,37,46.1,2632.27,5.40,1338.85,3.63
2024-06-26,2792.10,1388.70,37,45.6,2632.27,6.07,1338.85,3.72
2024-06-27,2784.10,1385.80,36,46.4,2632.27,5.77,1338.85,3.51
2024-06-28,2797.80,1376.70,36,47.6,2632.27,6.29,1338.85,2.83
2024-07-01,2804.30,1381.60,36,47.1,2663.08,5.30,1350.94,2.27
2024-07-02,2780.90,1388.10,36,46.5,2663.08,4.42,1350.94,2.75
2024-07-03,2794.00,1389.70,36,46.4,2663.08,4.92,1350.94,2.87
2024-07-04,2824.90,1380.20,35,46.3,2663.08,6.08,1350.94,2.17
2024-07-05,2862.20,1380.00,35,46.7,2663.08,7.48,1350.94,2.15
2024-07-08,2857.80,1383.00,35,46.1,2663.08,7.31,1350.94,2.37
2024-07-09,2867.40,1383.50,35,45.8,2663.08,7.67,1350.94,2.41
2024-07-10,2868.00,1384.20,35,45.6,2663.08,7.69,1350.94,2.46
2024-07-11,2891.40,1379.10,35,45.1,2663.08,8.57,1350.94,2.08
2024-07-12,2857.00,1379.60,35,45.1,2663.08,7.28,1350.94,2.12
2024-07-15,2860.90,1382.10,35,46.2,2663.08,7.43,1350.94,2.31
2024-07-16,2866.10,1384.30,36,46.1,2663.08,7.62,1350.94,2.47
2024-07-17,2843.30,1380.00,35,45.9,2663.08,6.77,1350.94,2.15
2024-07-18,2824.40,1381.50,36,45.5,2663.08,6.06,1350.94,2.26
2024-07-19,2795.50,1386.70,36,45.1,2663.08,4.97,1350.94,2.65
2024-07-22,2763.50,1388.20,37,45.1,2663.08,3.77,1350.94,2.76
2024-07-23,2774.30,1386.20,36,44.9,2663.08,4.18,1350.94,2.61
2024-07-24,2758.70,1383.80,35,46.3,2663.08,3.59,1350.94,2.43
2024-07-25,2710.70,1385.40,35,46.0,2663.08,1.79,1350.94,2.55
2024-07-26,2731.90,1385.80,37,45.8,2663.08,2.58,1350.94,2.58
2024-07-29,2765.50,1381.90,36,45.6,2663.08,3.85,1350.94,2.29
2024-07-30,2738.20,1385.30,36,45.7,2663.08,2.82,1350.94,2.54
2024-08-02,2676.20,1371.20,35,45.5,2716.39,-1.48,1361.71,0.70
2024-08-05,2441.60,1374.20,37,45.8,2716.39,-10.12,1361.71,0.92
2024-08-06,2522.20,1375.60,40,46.3,2716.39,-7.15,1361.71,1.02
2024-08-07,2568.40,1376.30,39,46.8,2716.39,-5.45,1361.71,1.07
2024-08-08,2556.70,1376.90,38,46.9,2716.39,-5.88,1361.71,1.12
2024-08-12,2618.30,1371.60,38,47.5,2716.39,-3.61,1361.71,0.73
2024-08-13,2621.50,1370.60,37,47.7,2716.39,-3.49,1361.71,0.65
2024-08-14,2644.50,1360.80,37,48.2,2716.39,-2.65,1361.71,-0.07
2024-08-16,2697.20,1357.60,34,48.7,2716.39,-0.71,1361.71,-0.30
2024-08-19,2674.40,1333.40,34,49.7,2716.39,-1.55,1361.71,-2.08
2024-08-20,2696.60,1333.40,34,49.8,2716.39,-0.73,1361.71,-2.08
2024-08-21,2701.10,1336.20,34,49.9,2716.39,-0.56,1361.71,-1.87
2024-08-22,2707.70,1334.90,34,51.5,2716.39,-0.32,1361.71,-1.97
2024-08-23,2701.70,1338.90,34,51.9,2716.39,-0.54,1361.71,-1.68
2024-08-26,2698.00,1326.80,33,52.4,2716.39,-0.68,1361.71,-2.56
2024-08-27,2689.30,1331.10,32,52.5,2716.39,-1.00,1361.71,-2.25
2024-08-28,2689.80,1338.90,32,53.7,2716.39,-0.98,1361.71,-1.68
2024-08-29,2662.30,1333.60,32,54.5,2716.39,-1.99,1361.71,-2.06
2024-08-30,2674.30,1336.00,31,55.0,2716.39,-1.55,1361.71,-1.89
2024-09-02,2681.00,1338.60,32,55.3,2716.18,-1.30,1363.84,-1.85
2024-09-03,2664.60,1341.40,32,56.4,2716.18,-1.90,1363.84,-1.65
2024-09-05,2575.50,1335.60,33,57.5,2716.18,-5.18,1363.84,-2.07
2024-09-06,2544.30,1327.40,33,57.9,2716.18,-6.33,1363.84,-2.67
2024-09-10,2523.40,1343.50,33,57.4,2716.18,-7.10,1363.84,-1.49
2024-09-11,2513.40,1339.10,33,58.6,2716.18,-7.47,1363.84,-1.81
2024-09-12,2572.10,1338.80,34,58.3,2716.18,-5.30,1363.84,-1.84
2024-09-13,2575.40,1329.30,33,59.0,2716.18,-5.18,1363.84,-2.53
2024-09-19,2580.80,1329.40,32,58.9,2716.18,-4.98,1363.84,-2.53
2024-09-20,2593.40,1329.10,31,58.8,2716.18,-4.52,1363.84,-2.55
2024-09-23,2602.00,1336.00,31,58.5,2716.18,-4.20,1363.84,-2.04
2024-09-24,2631.68,1334.80,31,58.5,2716.18,-3.11,1363.84,-2.13
2024-09-25,2596.32,1331.10,31,58.9,2716.18,-4.41,1363.84,-2.40
2024-09-26,2671.60,1327.50,31,58.8,2716.18,-1.64,1363.84,-2.66
2024-09-27,2649.80,1318.20,30,58.3,2716.18,-2.44,1363.84,-3.35
2024-09-30,2593.30,1308.30,31,58.6,2716.18,-4.52,1363.84,-4.07
2024-10-02,2561.70,1319.40,31,59.0,2702.86,-5.22,1364.96,-3.34
2024-10-04,2569.70,1333.80,32,59.1,2702.86,-4.93,1364.96,-2.28
2024-10-08,2594.40,1349.50,32,58.5,2702.86,-4.01,1364.96,-1.13
2024-10-10,2599.20,1350.40,32,58.0,2702.86,-3.84,1364.96,-1.07
2024-10-11,2596.90,1349.80,32,57.6,2702.86,-3.92,1364.96,-1.11
2024-10-14,2623.30,1355.80,32,57.1,2702.86,-2.94,1364.96,-0.67
2024-10-15,2633.50,1361.40,32,56.9,2702.86,-2.57,1364.96,-0.26
2024-10-16,2610.40,1362.90,33,57.2,2702.86,-3.42,1364.96,-0.15
2024-10-17,2609.30,1368.60,34,57.0,2702.86,-3.46,1364.96,0.27
2024-10-18,2593.80,1369.70,33,57.2,2702.86,-4.04,1364.96,0.35
2024-10-21,2604.90,1375.20,34,56.9,2702.86,-3.62,1364.96,0.75
2024-10-22,2570.70,1380.40,33,56.9,2702.86,-4.89,1364.96,1.13
2024-10-23,2599.60,1382.10,34,57.2,2702.86,-3.82,1364.96,1.26
2024-10-24,2581.00,1380.30,34,56.9,2702.86,-4.51,1364.96,1.12
2024-10-25,2583.30,1388.80,34,56.9,2702.86,-4.42,1364.96,1.75
2024-10-28,2612.40,1385.00,34,57.1,2702.86,-3.35,1364.96,1.47
2024-10-29,2617.80,1386.50,33,56.8,2702.86,-3.15,1364.96,1.58
2024-10-30,2593.80,1382.30,33,56.8,2702.86,-4.04,1364.96,1.27
2024-10-31,2556.20,1380.10,33,56.7,2702.86,-5.43,1364.96,1.11
2024-11-01,2542.40,1378.90,34,56.8,2690.32,-5.50,1364.42,1.06
2024-11-04,2589.00,1370.80,35,57.2,2690.32,-3.77,1364.42,0.47
2024-11-05,2576.90,1378.20,34,57.0,2690.32,-4.22,1364.42,1.01
2024-11-06,2563.50,1396.50,35,56.9,2690.32,-4.71,1364.42,2.35
2024-11-07,2564.60,1396.60,34,57.4,2690.32,-4.67,1364.42,2.36
2024-11-08,2561.20,1386.60,33,57.2,2690.32,-4.80,1364.42,1.63
2024-11-11,2531.70,1394.80,33,57.0,2690.32,-5.90,1364.42,2.23
2024-11-12,2482.60,1403.50,32,56.7,2690.32,-7.72,1364.42,2.86
2024-11-13,2417.10,1406.70,33,56.2,2690.32,-10.16,1364.42,3.10
2024-11-14,2418.90,1405.10,34,56.3,2690.32,-10.09,1364.42,2.98
2024-11-15,2416.90,1398.80,34,56.5,2690.32,-10.16,1364.42,2.52
2024-11-18,2469.10,1395.20,34,56.7,2690.32,-8.22,1364.42,2.26
2024-11-20,2482.30,1391.00,34,56.5,2690.32,-7.73,1364.42,1.95
2024-11-21,2480.60,1397.70,34,56.7,2690.32,-7.80,1364.42,2.44
2024-11-22,2501.20,1401.70,34,56.9,2690.32,-7.03,1364.42,2.73
2024-11-25,2534.30,1401.80,34,56.9,2690.32,-5.80,1364.42,2.74
2024-11-26,2520.40,1398.50,34,57.0,2690.32,-6.32,1364.42,2.50
2024-11-27,2503.10,1396.90,34,57.5,2690.32,-6.96,1364.42,2.38
2024-11-28,2504.70,1395.50,34,58.2,2690.32,-6.90,1364.42,2.28
2024-11-29,2455.90,1394.80,34,58.7,2690.32,-8.71,1364.42,2.23
2024-12-02,2454.50,1402.50,34,58.9,2654.74,-7.54,1369.54,2.41
2024-12-03,2500.10,1402.70,34,58.4,2654.74,-5.82,1369.54,2.42
2024-12-04,2464.00,1410.90,35,58.4,2654.74,-7.18,1369.54,3.02
2024-12-05,2441.90,1415.00,36,59.1,2654.74,-8.02,1369.54,3.32
2024-12-06,2428.20,1419.30,36,59.2,2654.74,-8.53,1369.54,3.63
2024-12-09,2360.60,1436.80,36,59.4,2654.74,-11.08,1369.54,4.91
2024-12-10,2417.80,1426.90,37,65.1,2654.74,-8.93,1369.54,4.19
2024-12-11,2442.50,1432.10,37,65.2,2654.74,-7.99,1369.54,4.57
2024-12-12,2482.10,1431.50,37,65.6,2654.74,-6.50,1369.54,4.52
2024-12-16,2489.00,1435.10,37,65.9,2654.74,-6.24,1369.54,4.79
2024-12-17,2456.80,1439.50,36,65.8,2654.74,-7.46,1369.54,5.11
2024-12-18,2484.40,1435.80,36,66.7,2654.74,-6.42,1369.54,4.84
2024-12-19,2435.90,1451.80,36,67.2,2654.74,-8.24,1369.54,6.01
2024-12-20,2404.20,1451.70,37,67.1,2654.74,-9.44,1369.54,6.00
2024-12-24,2446.00,1452.10,37,67.6,2654.74,-7.86,1369.54,6.03
2024-12-26,2429.70,1465.10,37,68.2,2654.74,-8.48,1369.54,6.98
2024-12-27,2404.80,1468.50,37,68.7,2654.74,-9.41,1369.54,7.23
2024-12-30,2399.50,1472.40,37,68.8,2654.74,-9.61,1369.54,7.51
2025-01-02,2398.90,1466.80,38,69.0,2605.45,-7.93,1378.31,6.42
2025-01-03,2441.90,1467.40,38,68.8,2605.45,-6.28,1378.31,6.46
2025-01-06,2488.60,1468.80,38,67.8,2605.45,-4.48,1378.31,6.57
2025-01-07,2492.10,1453.30,39,67.9,2605.45,-4.35,1378.31,5.44
2025-01-08,2521.10,1455.20,38,67.7,2605.45,-3.24,1378.31,5.58
2025-01-10,2515.80,1465.10,39,65.9,2605.45,-3.44,1378.31,6.30
2025-01-13,2489.60,1471.20,40,64.2,2605.45,-4.45,1378.31,6.74
2025-01-14,2497.40,1463.30,40,64.6,2605.45,-4.15,1378.31,6.17
2025-01-15,2496.80,1461.10,40,64.0,2605.45,-4.17,1378.31,6.01
2025-01-16,2527.50,1457.30,38,65.0,2605.45,-2.99,1378.31,5.73
2025-01-17,2523.60,1457.70,38,65.3,2605.45,-3.14,1378.31,5.76
2025-01-20,2520.10,1451.40,38,64.5,2605.45,-3.28,1378.31,5.30
2025-01-21,2518.00,1440.20,38,64.8,2605.45,-3.36,1378.31,4.49
2025-01-22,2547.10,1437.40,36,65.0,2605.45,-2.24,1378.31,4.29
2025-01-23,2515.50,1437.30,34,64.0,2605.45,-3.45,1378.31,4.28
2025-01-24,2536.80,1431.50,34,64.0,2605.45,-2.63,1378.31,3.86
2025-01-31,2517.40,1453.30,33,63.1,2605.45,-3.38,1378.31,5.44
2025-02-03,2454.00,1466.30,33,62.4,2547.97,-3.69,1389.23,5.55
2025-02-04,2481.70,1462.60,34,62.4,2547.97,-2.60,1389.23,5.28
2025-02-05,2509.30,1444.60,34,62.0,2547.97,-1.52,1389.23,3.99
2025-02-06,2536.80,1447.30,34,61.4,2547.97,-0.44,1389.23,4.18
2025-02-07,2521.90,1447.70,33,60.7,2547.97,-1.02,1389.23,4.21
2025-02-10,2521.30,1451.40,33,60.1,2547.97,-1.05,1389.23,4.48
2025-02-11,2539.10,1452.50,32,59.5,2547.97,-0.35,1389.23,4.55
2025-02-12,2548.40,1453.40,32,58.7,2547.97,0.02,1389.23,4.62
2025-02-13,2583.20,1447.40,32,59.6,2547.97,1.38,1389.23,4.19
2025-02-14,2591.10,1443.50,31,59.7,2547.97,1.69,1389.23,3.91
2025-02-17,2610.40,1441.80,30,59.2,2547.97,2.45,1389.23,3.78
2025-02-18,2626.80,1443.70,30,58.3,2547.97,3.09,1389.23,3.92
2025-02-19,2671.50,1438.60,29,58.4,2547.97,4.85,1389.23,3.55
2025-02-20,2654.10,1438.30,28,58.4,2547.97,4.17,1389.23,3.53
2025-02-21,2654.60,1434.20,29,58.2,2547.97,4.18,1389.23,3.24
2025-02-24,2645.30,1427.20,30,58.1,2547.97,3.82,1389.23,2.73
2025-02-25,2630.30,1430.60,29,58.2,2547.97,3.23,1389.23,2.98
2025-02-26,2641.10,1433.10,30,57.7,2547.97,3.66,1389.23,3.16
2025-02-27,2621.80,1442.90,28,58.0,2547.97,2.90,1389.23,3.86
2025-02-28,2532.80,1462.70,28,59.1,2547.97,-0.60,1389.23,5.29
2025-03-04,2528.90,1461.80,29,59.1,2536.93,-0.32,1405.98,3.97
2025-03-05,2558.10,1454.40,30,58.6,2536.93,0.83,1405.98,3.44
2025-03-06,2576.20,1442.30,30,58.0,2536.93,1.55,1405.98,2.58
2025-03-07,2563.50,1446.70,31,57.9,2536.93,1.05,1405.98,2.90
2025-03-10,2570.40,1452.40,31,57.0,2536.93,1.32,1405.98,3.30
2025-03-11,2537.60,1457.90,31,57.1,2536.93,0.03,1405.98,3.69
2025-03-12,2574.80,1451.10,32,57.7,2536.93,1.49,1405.98,3.21
2025-03-13,2573.60,1453.60,31,56.8,2536.93,1.45,1405.98,3.39
2025-03-14,2566.40,1453.80,32,56.5,2536.93,1.16,1405.98,3.40
2025-03-17,2610.70,1448.00,31,57.0,2536.93,2.91,1405.98,2.99
2025-03-18,2612.30,1452.70,33,57.0,2536.93,2.97,1405.98,3.32
2025-03-20,2637.10,1459.10,33,57.0,2536.93,3.95,1405.98,3.78
2025-03-21,2643.10,1462.80,34,56.8,2536.93,4.18,1405.98,4.04
2025-03-24,2632.10,1467.60,35,56.7,2536.93,3.75,1405.98,4.38
2025-03-25,2615.80,1469.40,34,56.7,2536.93,3.11,1405.98,4.51
2025-03-26,2643.90,1465.80,35,56.9,2536.93,4.22,1405.98,4.25
2025-03-27,2607.20,1465.40,35,56.0,2536.93,2.77,1405.98,4.23
2025-03-28,2558.00,1466.60,36,55.5,2536.93,0.83,1405.98,4.31
2025-03-31,2481.10,1472.60,37,57.1,2536.93,-2.20,1405.98,4.74
2025-04-02,2505.90,1466.30,38,56.7,2536.15,-1.19,1425.25,2.88
2025-04-03,2486.70,1466.90,37,57.2,2536.15,-1.95,1425.25,2.92
2025-04-04,2465.40,1434.20,40,57.4,2536.15,-2.79,1425.25,0.63
2025-04-07,2328.20,1467.10,46,58.1,2536.15,-8.20,1425.25,2.94
2025-04-08,2334.20,1473.00,46,58.2,2536.15,-7.96,1425.25,3.35
2025-04-09,2293.70,1483.40,43,58.1,2536.15,-9.56,1425.25,4.08
2025-04-10,2445.10,1456.80,41,58.0,2536.15,-3.59,1425.25,2.21
2025-04-11,2432.70,1449.80,37,58.5,2536.15,-4.08,1425.25,1.72
2025-04-14,2455.90,1424.30,36,59.0,2536.15,-3.16,1425.25,-0.07
2025-04-15,2477.40,1425.40,35,58.5,2536.15,-2.32,1425.25,0.01
2025-04-16,2447.40,1426.40,35,59.0,2536.15,-3.50,1425.25,0.08
2025-04-17,2470.40,1419.00,36,58.3,2536.15,-2.59,1425.25,-0.44
2025-04-18,2483.40,1423.10,36,58.0,2536.15,-2.08,1425.25,-0.15
2025-04-21,2488.40,1419.00,35,58.7,2536.15,-1.88,1425.25,-0.44
2025-04-22,2486.60,1420.70,35,59.3,2536.15,-1.95,1425.25,-0.32
2025-04-23,2525.60,1421.10,35,59.0,2536.15,-0.42,1425.25,-0.29
2025-04-24,2522.30,1435.00,34,58.9,2536.15,-0.55,1425.25,0.68
2025-04-25,2546.30,1436.70,33,59.6,2536.15,0.40,1425.25,0.80
2025-04-28,2548.90,1442.60,32,59.3,2536.15,0.50,1425.25,1.22
2025-04-29,2565.40,1437.40,32,59.3,2536.15,1.15,1425.25,0.85
2025-04-30,2556.60,1421.70,31,60.1,2536.15,0.81,1425.25,-0.25
2025-05-02,2559.80,1405.00,32,59.0,2514.26,1.81,1437.75,-2.28
2025-05-07,2573.80,1398.10,31,59.3,2514.26,2.37,1437.75,-2.76
2025-05-08,2579.50,1397.10,31,58.6,2514.26,2.59,1437.75,-2.83
2025-05-09,2577.30,1399.40,31,57.9,2514.26,2.51,1437.75,-2.67
2025-05-12,2607.30,1402.30,31,58.0,2514.26,3.70,1437.75,-2.47
2025-05-13,2608.40,1416.40,28,56.9,2514.26,3.74,1437.75,-1.48
2025-05-14,2640.60,1420.50,30,57.3,2514.26,5.03,1437.75,-1.20
2025-05-15,2621.40,1395.70,30,56.9,2514.26,4.26,1437.75,-2.92
2025-05-16,2626.90,1390.10,30,57.7,2514.26,4.48,1437.75,-3.31
2025-05-19,2603.40,1396.60,31,56.9,2514.26,3.55,1437.75,-2.86
2025-05-20,2601.80,1392.50,31,57.7,2514.26,3.48,1437.75,-3.15
2025-05-21,2625.60,1387.10,30,57.6,2514.26,4.43,1437.75,-3.52
2025-05-22,2593.70,1381.10,32,58.1,2514.26,3.16,1437.75,-3.94
2025-05-23,2592.10,1375.80,30,58.3,2514.26,3.10,1437.75,-4.31
2025-05-26,2644.40,1364.60,31,57.8,2514.26,5.18,1437.75,-5.09
2025-05-27,2637.20,1369.90,31,57.3,2514.26,4.89,1437.75,-4.72
2025-05-28,2670.20,1376.40,30,57.9,2514.26,6.20,1437.75,-4.27
2025-05-29,2720.60,1376.20,30,57.3,2514.26,8.21,1437.75,-4.28
2025-05-30,2697.70,1379.40,30,57.0,2514.26,7.30,1437.75,-4.06
2025-06-02,2699.00,1373.10,29,57.6,2533.37,6.54,1437.51,-4.48
2025-06-04,2770.80,1370.00,28,56.7,2533.37,9.37,1437.51,-4.70
2025-06-05,2812.10,1359.20,28,56.1,2533.37,11.00,1437.51,-5.45
2025-06-09,2855.80,1356.60,28,55.5,2533.37,12.73,1437.51,-5.63
2025-06-10,2871.90,1364.70,27,57.0,2533.37,13.36,1437.51,-5.06
2025-06-11,2907.00,1374.10,27,55.5,2533.37,14.75,1437.51,-4.41
2025-06-12,2920.00,1358.60,26,54.5,2533.37,15.26,1437.51,-5.49
2025-06-13,2894.60,1369.00,27,52.9,2533.37,14.26,1437.51,-4.77
2025-06-16,2946.70,1363.60,28,53.3,2533.37,16.32,1437.51,-5.14
2025-06-17,2950.30,1362.80,26,53.8,2533.37,16.46,1437.51,-5.20
2025-06-19,2977.70,1380.50,28,53.0,2533.37,17.54,1437.51,-3.97
2025-06-20,3021.80,1366.20,28,53.3,2533.37,19.28,1437.51,-4.96
2025-06-23,3014.50,1384.30,28,52.1,2533.37,18.99,1437.51,-3.70
2025-06-24,3103.60,1360.60,28,52.2,2533.37,22.51,1437.51,-5.35
2025-06-25,3108.30,1362.80,27,52.1,2533.37,22.69,1437.51,-5.20
2025-06-26,3079.60,1357.40,26,51.5,2533.37,21.56,1437.51,-5.57
2025-06-27,3055.90,1357.00,27,51.4,2533.37,20.63,1437.51,-5.60
2025-06-30,3071.70,1349.60,26,51.1,2533.37,21.25,1437.51,-6.12
2025-07-01,3089.70,1356.40,26,50.5,2613.37,18.23,1426.28,-4.90
2025-07-02,3075.10,1358.80,26,49.8,2613.37,17.67,1426.28,-4.73
2025-07-03,3116.30,1359.80,26,50.3,2613.37,19.24,1426.28,-4.66
2025-07-04,3054.30,1362.20,25,49.8,2613.37,16.87,1426.28,-4.49
2025-07-07,3059.50,1368.10,26,49.1,2613.37,17.07,1426.28,-4.08
2025-07-08,3115.00,1368.00,26,49.1,2613.37,19.19,1426.28,-4.09
2025-07-09,3133.70,1375.00,25,48.9,2613.37,19.91,1426.28,-3.60
2025-07-10,3183.20,1371.10,25,49.5,2613.37,21.80,1426.28,-3.87
2025-07-11,3175.80,1375.60,25,49.0,2613.37,21.52,1426.28,-3.55
2025-07-14,3202.00,1381.40,26,48.5,2613.37,22.52,1426.28,-3.15
2025-07-15,3215.30,1379.90,25,49.0,2613.37,23.03,1426.28,-3.25
2025-07-16,3186.40,1385.80,24,49.1,2613.37,21.93,1426.28,-2.84
2025-07-17,3192.30,1392.80,24,48.9,2613.37,22.15,1426.28,-2.35
2025-07-18,3188.10,1393.10,24,48.0,2613.37,21.99,1426.28,-2.33
2025-07-21,3210.80,1388.20,24,49.2,2613.37,22.86,1426.28,-2.67
2025-07-22,3169.90,1387.50,24,48.9,2613.37,21.30,1426.28,-2.72
2025-07-23,3183.80,1379.90,24,49.2,2613.37,21.83,1426.28,-3.25
2025-07-24,3190.50,1368.00,23,49.3,2613.37,22.08,1426.28,-4.09
2025-07-25,3196.10,1378.20,23,48.9,2613.37,22.30,1426.28,-3.37
2025-07-28,3209.50,1382.10,23,49.4,2613.37,22.81,1426.28,-3.10
2025-07-29,3230.60,1390.80,22,49.2,2613.37,23.62,1426.28,-2.49
2025-07-30,3254.50,1383.00,22,49.2,2613.37,24.53,1426.28,-3.03
2025-07-31,3245.40,1388.30,22,49.2,2613.37,24.18,1426.28,-2.66
2025-08-01,3119.40,1401.20,22,49.2,2735.45,14.04,1412.77,-0.82
2025-08-04,3147.80,1385.40,24,49.6,2735.45,15.07,1412.77,-1.94
2025-08-05,3198.00,1388.60,22,49.2,2735.45,16.91,1412.77,-1.71
2025-08-06,3198.10,1389.40,22,48.8,2735.45,16.91,1412.77,-1.65
2025-08-07,3227.70,1380.70,22,49.3,2735.45,18.00,1412.77,-2.27
2025-08-08,3210.00,1389.30,22,49.3,2735.45,17.35,1412.77,-1.66
2025-08-11,3206.80,1388.10,22,48.9,2735.45,17.23,1412.77,-1.75
2025-08-12,3189.90,1389.90,22,48.6,2735.45,16.61,1412.77,-1.62
2025-08-13,3224.40,1381.70,21,49.0,2735.45,17.87,1412.77,-2.20
2025-08-14,3225.70,1382.50,21,49.2,2735.45,17.92,1412.77,-2.14
2025-08-18,3177.30,1385.00,21,48.6,2735.45,16.15,1412.77,-1.97
2025-08-19,3151.60,1390.50,20,48.0,2735.45,15.21,1412.77,-1.58
2025-08-20,3130.10,1398.60,20,48.2,2735.45,14.43,1412.77,-1.00
2025-08-21,3141.70,1398.40,20,48.3,2735.45,14.85,1412.77,-1.02
2025-08-22,3168.70,1393.20,20,47.6,2735.45,15.84,1412.77,-1.38
2025-08-25,3209.90,1385.00,19,48.1,2735.45,17.34,1412.77,-1.97
2025-08-26,3179.40,1396.00,20,48.0,2735.45,16.23,1412.77,-1.19
2025-08-27,3187.20,1396.40,20,48.5,2735.45,16.51,1412.77,-1.16
2025-08-28,3196.30,1387.60,20,48.2,2735.45,16.85,1412.77,-1.78
2025-08-29,3186.00,1390.10,20,48.0,2735.45,16.47,1412.77,-1.60
2025-09-01,3142.90,1393.40,20,47.8,2836.28,10.81,1403.50,-0.72
2025-09-02,3172.40,1390.90,20,47.4,2836.28,11.85,1403.50,-0.90
2025-09-03,3184.40,1392.40,20,47.1,2836.28,12.27,1403.50,-0.79
2025-09-04,3200.80,1392.60,20,47.1,2836.28,12.85,1403.50,-0.78
2025-09-05,3205.10,1390.30,19,47.1,2836.28,13.00,1403.50,-0.94
2025-09-08,3219.60,1390.70,19,47.0,2836.28,13.51,1403.50,-0.91
2025-09-09,3260.10,1388.00,19,47.3,2836.28,14.94,1403.50,-1.10
2025-09-10,3314.50,1386.80,18,47.2,2836.28,16.86,1403.50,-1.19
2025-09-11,3344.20,1391.90,18,47.2,2836.28,17.91,1403.50,-0.83
2025-09-12,3395.50,1388.50,18,47.0,2836.28,19.72,1403.50,-1.07
2025-09-15,3407.30,1389.20,18,46.6,2836.28,20.13,1403.50,-1.02
2025-09-16,3449.60,1378.90,18,46.8,2836.28,21.62,1403.50,-1.75
2025-09-17,3413.40,1380.20,18,46.3,2836.28,20.35,1403.50,-1.66
2025-09-18,3461.30,1387.90,18,46.5,2836.28,22.04,1403.50,-1.11
2025-09-19,3445.20,1394.20,18,45.7,2836.28,21.47,1403.50,-0.66
2025-09-22,3468.70,1392.70,20,45.3,2836.28,22.30,1403.50,-0.77
2025-09-23,3486.20,1392.90,22,45.2,2836.28,22.91,1403.50,-0.76
2025-09-24,3472.10,1397.70,23,44.6,2836.28,22.42,1403.50,-0.41
2025-09-25,3471.10,1400.70,23,44.1,2836.28,22.38,1403.50,-0.20
2025-09-26,3386.10,1412.20,25,43.9,2836.28,19.39,1403.50,0.62
2025-09-29,3431.20,1399.00,24,44.1,2836.28,20.98,1403.50,-0.32
2025-09-30,3424.60,1403.10,24,44.0,2836.28,20.74,1403.50,-0.03
2025-10-01,3455.80,1403.90,24,43.7,2967.64,16.45,1393.09,0.78
2025-10-02,3549.20,1401.20,24,43.8,2967.64,19.60,1393.09,0.58
2025-10-10,3610.60,1421.10,24,43.5,2967.64,21.67,1393.09,2.01
2025-10-13,3584.60,1426.20,25,44.1,2967.64,20.79,1393.09,2.38
2025-10-14,3561.80,1431.30,25,44.2,2967.64,20.02,1393.09,2.74
2025-10-15,3657.30,1421.30,25,44.6,2967.64,23.24,1393.09,2.03
2025-10-16,3748.40,1417.70,24,43.5,2967.64,26.31,1393.09,1.77
2025-10-17,3748.90,1421.00,24,43.5,2967.64,26.33,1393.09,2.00
2025-10-20,3814.70,1419.10,24,43.5,2967.64,28.54,1393.09,1.87
2025-10-21,3823.80,1428.10,24,42.4,2967.64,28.85,1393.09,2.51
2025-10-22,3883.70,1429.80,24,42.7,2967.64,30.87,1393.09,2.64
2025-10-23,3845.60,1439.80,24,42.2,2967.64,29.58,1393.09,3.35
2025-10-24,3941.60,1436.70,24,42.2,2967.64,32.82,1393.09,3.13
2025-10-27,4042.80,1431.90,25,41.6,2967.64,36.23,1393.09,2.79
2025-10-28,4010.40,1437.30,23,41.4,2967.64,35.14,1393.09,3.17
2025-10-29,4081.20,1431.90,22,40.8,2967.64,37.52,1393.09,2.79
2025-10-30,4086.90,1426.90,22,40.3,2967.64,37.72,1393.09,2.43
2025-10-31,4107.50,1424.50,22,40.6,2967.64,38.41,1393.09,2.25
2025-11-03,4221.90,1428.40,22,40.6,3180.90,32.73,1389.58,2.79
2025-11-04,4121.70,1438.40,22,40.7,3180.90,29.58,1389.58,3.51
2025-11-05,4004.40,1448.40,23,40.2,3180.90,25.89,1389.58,4.23
2025-11-06,4026.50,1447.70,22,39.8,3180.90,26.58,1389.58,4.18
2025-11-07,3953.80,1456.90,23,39.2,3180.90,24.30,1389.58,4.84
2025-11-10,4073.20,1451.30,23,39.6,3180.90,28.05,1389.58,4.44
2025-11-11,4106.40,1463.30,22,40.5,3180.90,29.10,1389.58,5.31
2025-11-12,4150.40,1466.40,22,40.8,3180.90,30.48,1389.58,5.53
2025-11-14,4011.60,1457.50,22,42.1,3180.90,26.12,1389.58,4.89
2025-11-17,4089.30,1458.10,22,42.8,3180.90,28.56,1389.58,4.93
2025-11-18,3953.60,1465.50,22,43.7,3180.90,24.29,1389.58,5.46
2025-11-19,3929.50,1465.50,23,43.9,3180.90,23.53,1389.58,5.46
2025-11-20,4004.90,1468.30,24,43.2,3180.90,25.90,1389.58,5.66
2025-11-21,3853.30,1475.80,24,43.6,3180.90,21.14,1389.58,6.20
2025-11-24,3846.10,1477.00,24,43.4,3180.90,20.91,1389.58,6.29
2025-11-25,3857.80,1472.40,23,43.2,3180.90,21.28,1389.58,5.96
2025-11-26,3960.90,1465.70,23,43.3,3180.90,24.52,1389.58,5.48
2025-11-27,3986.90,1464.70,23,43.3,3180.90,25.34,1389.58,5.41
2025-11-28,3926.60,1470.80,23,43.7,3180.90,23.44,1389.58,5.84
2025-12-01,3920.40,1469.90,23,43.6,3400.04,15.30,1400.56,4.95
2025-12-02,3994.90,1468.60,23,44.1,3400.04,17.50,1400.56,4.86
2025-12-03,4036.30,1468.00,23,44.3,3400.04,18.71,1400.56,4.81
2025-12-04,4028.50,1473.70,22,44.9,3400.04,18.48,1400.56,5.22
2025-12-05,4100.10,1469.00,22,45.9,3400.04,20.59,1400.56,4.89
2025-12-08,4154.90,1466.70,22,45.8,3400.04,22.20,1400.56,4.72
2025-12-09,4143.60,1472.20,22,46.1,3400.04,21.87,1400.56,5.11
2025-12-10,4135.00,1470.50,22,47.9,3400.04,21.62,1400.56,4.99
2025-12-11,4110.60,1472.90,23,48.4,3400.04,20.90,1400.56,5.16
2025-12-12,4167.20,1473.80,22,48.9,3400.04,22.56,1400.56,5.23
2025-12-15,4090.60,1471.20,22,49.9,3400.04,20.31,1400.56,5.04
2025-12-16,3999.10,1477.10,22,50.8,3400.04,17.62,1400.56,5.46
2025-12-17,4056.40,1479.70,22,51.1,3400.04,19.30,1400.56,5.65
2025-12-18,3994.50,1478.30,22,51.7,3400.04,17.48,1400.56,5.55
2025-12-19,4020.60,1477.20,22,51.3,3400.04,18.25,1400.56,5.47
2025-12-22,4105.90,1479.90,22,51.4,3400.04,20.76,1400.56,5.66
2025-12-23,4117.30,1483.90,22,53.7,3400.04,21.10,1400.56,5.95
2025-12-24,4108.60,1450.60,22,53.6,3400.04,20.84,1400.56,3.57
2025-12-26,4129.70,1442.60,22,53.1,3400.04,21.46,1400.56,3.00
2025-12-29,4220.60,1431.10,22,53.1,3400.04,24.13,1400.56,2.18
2025-12-30,4214.20,1441.30,22,52.4,3400.04,23.95,1400.56,2.91
2025-12-31,4214.20,1441.30,22,52.3,3400.04,23.95,1400.56,2.91
2026-01-02,4309.60,1442.80,22,52.4,3588.77,20.09,1417.40,1.79
2026-01-05,4457.50,1444.00,22,52.4,3588.77,24.21,1417.40,1.88
2026-01-06,4525.50,1445.20,22,51.2,3588.77,26.10,1417.40,1.96
2026-01-07,4551.10,1446.30,22,51.3,3588.77,26.82,1417.40,2.04
2026-01-08,4552.40,1450.50,22,51.6,3588.77,26.85,1417.40,2.34
2026-01-09,4586.30,1458.00,22,50.3,3588.77,27.80,1417.40,2.86
2026-01-12,4624.80,1468.60,21,48.9,3588.77,28.87,1417.40,3.61
2026-01-13,4692.60,1474.10,21,48.3,3588.77,30.76,1417.40,4.00
2026-01-14,4723.10,1477.80,21,48.5,3588.77,31.61,1417.40,4.26
2026-01-15,4797.60,1470.90,21,47.5,3588.77,33.68,1417.40,3.77
2026-01-16,4840.70,1473.70,21,48.0,3588.77,34.88,1417.40,3.97
2026-01-19,4904.70,1473.80,21,46.9,3588.77,36.67,1417.40,3.98
2026-01-20,4885.80,1478.70,21,46.2,3588.77,36.14,1417.40,4.33
2026-01-21,4909.90,1471.30,21,48.6,3588.77,36.81,1417.40,3.80
2026-01-22,4952.50,1469.70,21,50.6,3588.77,38.00,1417.40,3.69
2026-01-23,4990.10,1465.60,21,50.7,3588.77,39.05,1417.40,3.40
2026-01-26,4949.60,1441.10,21,51.5,3588.77,37.92,1417.40,1.67
2026-01-27,5084.90,1445.80,21,51.3,3588.77,41.69,1417.40,2.00
2026-01-28,5170.80,1422.00,21,52.2,3588.77,44.08,1417.40,0.32
2026-01-29,5221.30,1426.60,21,52.0,3588.77,45.49,1417.40,0.65
2026-01-30,5224.40,1439.60,22,52.0,3588.77,45.58,1417.40,1.57
2026-02-02,4949.70,1463.90,22,51.6,3877.74,27.64,1431.71,2.25
2026-02-03,5288.10,1446.50,21,51.9,3877.74,36.37,1431.71,1.03
2026-02-04,5371.10,1450.70,21,51.9,3877.74,38.51,1431.71,1.33
2026-02-05,5163.60,1468.00,21,52.0,3877.74,33.16,1431.71,2.53
2026-02-06,5089.10,1468.90,21,52.2,3877.74,31.24,1431.71,2.60
2026-02-09,5298.00,1461.30,22,52.0,3877.74,36.63,1431.71,2.07
2026-02-10,5301.70,1459.00,22,53.5,3877.74,36.72,1431.71,1.91
2026-02-11,5354.50,1450.90,22,54.6,3877.74,38.08,1431.71,1.34
2026-02-12,5522.30,1441.80,22,56.2,3877.74,42.41,1431.71,0.70
2026-02-13,5507.00,1445.00,22,56.3,3877.74,42.02,1431.71,0.93
2026-02-19,5677.30,1446.00,22,55.7,3877.74,46.41,1431.71,1.00
2026-02-20,5808.50,1446.50,23,57.5,3877.74,49.79,1431.71,1.03
2026-02-23,5846.10,1440.40,22,57.1,3877.74,50.76,1431.71,0.61
2026-02-24,5969.60,1442.40,23,57.2,3877.74,53.95,1431.71,0.75
2026-02-25,6083.90,1429.80,23,58.1,3877.74,56.89,1431.71,-0.13
2026-02-26,6307.30,1426.20,23,59.1,3877.74,62.65,1431.71,-0.39
2026-02-27,6244.10,1438.40,24,59.6,3877.74,61.02,1431.71,0.47
2026-03-03,5791.90,1465.90,25,58.9,4236.89,36.70,1441.15,1.72
2026-03-04,5093.50,1476.60,26,57.7,4236.89,20.22,1441.15,2.46
2026-03-05,5583.90,1468.30,27,58.8,4236.89,31.79,1441.15,1.88
2026-03-06,5584.90,1475.70,25,58.8,4236.89,31.82,1441.15,2.40
2026-03-09,5251.90,1494.70,26,57.7,4236.89,23.96,1441.15,3.72
2026-03-10,5532.60,1469.30,28,59.1,4236.89,30.58,1441.15,1.95
2026-03-11,5610.00,1466.20,27,59.2,4236.89,32.41,1441.15,1.74
2026-03-12,5583.30,1480.80,27,59.5,4236.89,31.78,1441.15,2.75
2026-03-13,5487.20,1493.40,28,58.1,4236.89,29.51,1441.15,3.63
2026-03-16,5549.90,1497.60,29,58.7,4236.89,30.99,1441.15,3.92
2026-03-17,5640.50,1492.50,29,58.2,4236.89,33.13,1441.15,3.56
2026-03-18,5925.00,1483.10,29,59.4,4236.89,39.84,1441.15,2.91
2026-03-19,5763.20,1501.30,28,58.6,4236.89,36.02,1441.15,4.17
2026-03-20,5781.20,1500.20,30,58.1,4236.89,36.45,1441.15,4.10
2026-03-23,5405.80,1517.60,34,58.0,4236.89,27.59,1441.15,5.30
2026-03-24,5553.90,1495.20,34,59.8,4236.89,31.08,1441.15,3.75
2026-03-25,5642.20,1499.70,35,60.0,4236.89,33.17,1441.15,4.06
2026-03-26,5460.50,1507.00,33,60.4,4236.89,28.88,1441.15,4.57
2026-03-27,5438.90,1508.90,35,60.0,4236.89,28.37,1441.15,4.70
2026-03-30,5277.30,1515.70,36,61.5,4236.89,24.56,1441.15,5.17
2026-03-31,5052.50,1530.10,36,61.4,4236.89,19.25,1441.15,6.17
2026-04-01,5478.70,1501.30,35,64.1,4630.88,18.31,1459.35,2.87
2026-04-02,5234.10,1519.70,34,63.7,4630.88,13.03,1459.35,4.14
2026-04-03,5377.30,1505.20,34,64.5,4630.88,16.12,1459.35,3.14
2026-04-06,5450.30,1506.30,35,64.9,4630.88,17.69,1459.35,3.22
2026-04-07,5494.80,1504.20,35,65.6,4630.88,18.66,1459.35,3.07
2026-04-08,5872.30,1470.60,34,65.8,4630.88,26.81,1459.35,0.77
2026-04-09,5778.00,1482.50,30,66.1,4630.88,24.77,1459.35,1.59
2026-04-10,5858.90,1482.50,30,65.8,4630.88,26.52,1459.35,1.59
2026-04-13,5808.60,1489.30,30,66.1,4630.88,25.43,1459.35,2.05
2026-04-14,5967.80,1481.20,31,66.6,4630.88,28.87,1459.35,1.50
2026-04-15,6091.40,1474.20,30,66.7,4630.88,31.54,1459.35,1.02
2026-04-16,6226.10,1474.60,30,66.5,4630.88,34.45,1459.35,1.05
2026-04-17,6191.90,1483.50,30,66.6,4630.88,33.71,1459.35,1.66
2026-04-20,6219.10,1477.20,29,66.8,4630.88,34.30,1459.35,1.22
2026-04-21,6388.50,1468.50,29,66.4,4630.88,37.95,1459.35,0.63
2026-04-22,6417.90,1476.00,29,66.3,4630.88,38.59,1459.35,1.14
2026-04-23,6475.80,1481.00,29,64.9,4630.88,39.84,1459.35,1.48
2026-04-24,6475.60,1484.50,29,64.9,4630.88,39.84,1459.35,1.72
2026-04-27,6615.00,1472.50,29,65.5,4630.88,42.85,1459.35,0.90
2026-04-28,6641.00,1473.60,29,65.3,4630.88,43.41,1459.35,0.98
2026-04-29,6690.90,1479.00,29,66.0,4630.88,44.48,1459.35,1.35
2026-04-30,6598.90,1483.30,28,65.3,4630.88,42.50,1459.35,1.64
2026-05-04,6937.00,1462.80,29,65.3,5010.18,38.46,1469.05,-0.43
2026-05-06,7384.60,1455.10,28,65.4,5010.18,47.39,1469.05,-0.95
2026-05-07,7490.10,1454.00,28,65.3,5010.18,49.50,1469.05,-1.02
2026-05-08,7498.00,1471.70,26,64.9,5010.18,49.66,1469.05,0.18
2026-05-11,7822.20,1472.40,25,64.7,5010.18,56.13,1469.05,0.23
2026-05-12,7643.20,1489.90,24,63.7,5010.18,52.55,1469.05,1.42
2026-05-13,7844.00,1490.60,24,63.8,5010.18,56.56,1469.05,1.47
2026-05-14,7981.40,1491.00,24,63.0,5010.18,59.30,1469.05,1.49
2026-05-15,7493.20,1500.80,24,62.5,5010.18,49.56,1469.05,2.16
2026-05-18,7516.00,1500.30,24,62.4,5010.18,50.01,1469.05,2.13
2026-05-19,7271.70,1507.80,24,62.6,5010.18,45.14,1469.05,2.64
2026-05-20,7209.00,1506.80,24,62.6,5010.18,43.89,1469.05,2.57
2026-05-21,7815.60,1506.10,24,62.8,5010.18,55.99,1469.05,2.52
2026-05-22,7847.70,1517.20,23,62.5,5010.18,56.64,1469.05,3.28
2026-05-26,8047.50,1504.30,22,63.1,5010.18,60.62,1469.05,2.40
2026-05-27,8228.70,1501.20,22,62.5,5010.18,64.24,1469.05,2.19
2026-05-28,8185.30,1502.80,21,61.8,5010.18,63.37,1469.05,2.30
2026-05-29,8476.20,1507.90,22,62.2,5010.18,69.18,1469.05,2.64
2026-06-01,8788.40,1504.30,22,62.0,5569.05,57.81,1473.76,2.07
2026-06-02,8801.50,1516.40,22,62.4,5569.05,58.04,1473.76,2.89
2026-06-04,8639.40,1529.70,23,62.2,5569.05,55.13,1473.76,3.80
2026-06-05,8160.60,1539.10,23,61.9,5569.05,46.53,1473.76,4.43
2026-06-08,7484.40,1535.00,23,62.5,5569.05,34.39,1473.76,4.16
2026-06-09,8096.90,1512.10,24,63.6,5569.05,45.39,1473.76,2.60
2026-06-10,7730.80,1524.20,23,61.8,5569.05,38.82,1473.76,3.42
2026-06-11,7764.00,1528.90,23,61.1,5569.05,39.41,1473.76,3.74
2026-06-12,8123.60,1519.80,23,62.5,5569.05,45.87,1473.76,3.12
2026-06-15,8546.00,1511.10,22,62.9,5569.05,53.46,1473.76,2.53
2026-06-16,8726.60,1511.60,22,63.1,5569.05,56.70,1473.76,2.57
2026-06-17,8864.20,1513.40,22,63.5,5569.05,59.17,1473.76,2.69
2026-06-18,9063.80,1527.10,22,63.1,5569.05,62.75,1473.76,3.62
2026-06-19,9052.40,1527.00,22,63.5,5569.05,62.55,1473.76,3.61
2026-06-22,9114.60,1537.00,22,63.2,5569.05,63.67,1473.76,4.29
2026-06-23,8203.80,1539.10,22,64.7,5569.05,47.31,1473.76,4.43
2026-06-24,8471.00,1541.80,23,65.6,5569.05,52.11,1473.76,4.62
2026-06-25,8930.30,1542.70,23,64.6,5569.05,60.36,1473.76,4.68
2026-06-26,8411.20,1532.00,22,65.8,5569.05,51.03,1473.76,3.95
2026-06-29,8394.70,1545.20,23,66.3,5569.05,50.74,1473.76,4.85
2026-06-30,8476.50,1549.40,22,67.2,5569.05,52.21,1473.76,5.13
2026-07-01,8303.40,1554.90,22,67.5,6346.97,30.82,1484.60,4.74
2026-07-02,7648.10,1555.80,22,68.4,6346.97,20.50,1484.60,4.80
2026-07-03,8088.30,1525.60,22,68.5,6346.97,27.44,1484.60,2.76
2026-07-06,8051.30,1531.20,22,68.3,6346.97,26.85,1484.60,3.14
2026-07-07,7656.30,1528.20,22,69.2,6346.97,20.63,1484.60,2.94
2026-07-08,7246.80,1498.50,22,69.8,6346.97,14.18,1484.60,0.94
2026-07-09,7291.90,1506.10,22,70.0,6346.97,14.89,1484.60,1.45
2026-07-10,7475.90,1501.40,22,69.8,6346.97,17.79,1484.60,1.13
2026-07-13,6806.90,1503.40,22,69.7,6346.97,7.25,1484.60,1.27
2026-07-14,6856.80,1493.00,22,69.5,6346.97,8.03,1484.60,0.57
2026-07-15,7284.40,1484.70,22,69.7,6346.97,14.77,1484.60,0.01
2026-07-16,6820.60,1480.40,22,69.6,6346.97,7.46,1484.60,-0.28
2026-07-20,6516.30,1478.40,23,69.5,6346.97,2.67,1484.60,-0.42
2026-07-21,6748.00,1473.40,23,70.4,6346.97,6.32,1484.60,-0.75
2026-07-22,6797.70,1480.10,23,69.1,6346.97,7.10,1484.60,-0.30
2026-07-23,7096.90,1466.80,22,69.2,6346.97,11.82,1484.60,-1.20
2026-07-24,6690.60,1466.60,23,69.4,6346.97,5.41,1484.60,-1.21
2026-07-27,6755.80,1468.50,23,71.1,6346.97,6.44,1484.60,-1.08
2026-07-28,6023.70,1462.50,23,71.6,6346.97,-5.09,1484.60,-1.49
2026-07-29,5663.20,1446.70,23,71.2,6346.97,-10.77,1484.60,-2.55
2026-07-30,5593.60,1437.40,24,71.0,6346.97,-11.87,1484.60,-3.18
2026-07-31,6595.50,1424.00,24,72.0,6346.97,3.92,1484.60,-4.08
2026-08-03,6257.50,1429.80,23,72.0,6733.00,-7.06,1490.36,-4.06
2026-08-04,6359.00,1432.50,23,71.8,6733.00,-5.55,1490.36,-3.88
2026-08-05,6598.30,1424.50,23,72.3,6733.00,-2.00,1490.36,-4.42
2026-08-06,6296.40,1423.80,22,70.3,6733.00,-6.48,1490.36,-4.47
2026-08-07,6258.80,1416.10,22,70.2,6733.00,-7.04,1490.36,-4.98
2026-08-10,6299.70,1418.40,23,69.8,6733.00,-6.44,1490.36,-4.83
2026-08-11,6345.50,1416.00,23,69.6,6733.00,-5.76,1490.36,-4.99
2026-08-12,6579.00,1415.70,23,70.5,6733.00,-2.29,1490.36,-5.01
2026-08-13,6813.30,1419.40,22,70.7,6733.00,1.19,1490.36,-4.76
2026-08-14,6977.90,1418.30,22,69.6,6733.00,3.64,1490.36,-4.83
2026-08-18,6869.80,1411.80,22,69.5,6733.00,2.03,1490.36,-5.27
2026-08-19,6471.20,1397.70,22,69.9,6733.00,-3.89,1490.36,-6.22
2026-08-20,6852.60,1392.60,22,69.3,6733.00,1.78,1490.36,-6.56
2026-08-21,6913.00,1386.50,22,68.8,6733.00,2.67,1490.36,-6.97
2026-08-24,6697.00,1382.40,22,68.4,6733.00,-0.53,1490.36,-7.24
2026-08-25,6742.70,1386.10,22,68.6,6733.00,0.14,1490.36,-7.00
2026-08-26,6808.20,1384.80,22,68.4,6733.00,1.12,1490.36,-7.08
2026-08-27,6912.40,1380.90,22,69.3,6733.00,2.66,1490.36,-7.34
2026-08-28,6788.90,1372.50,21,68.8,6733.00,0.83,1490.36,-7.91
2026-08-31,6820.00,1368.60,22,67.8,6733.00,1.29,1490.36,-8.17
2026-09-01,6835.80,1370.40,22,67.1,6875.58,-0.58,1482.15,-7.54
2026-09-02,6562.70,1368.70,22,67.0,6875.58,-4.55,1482.15,-7.65
2026-09-03,6579.50,1359.30,22,67.9,6875.58,-4.31,1482.15,-8.29
2026-09-04,6687.20,1350.40,21,68.3,6875.58,-2.74,1482.15,-8.89
2026-09-07,6995.40,1340.50,21,67.5,6875.58,1.74,1482.15,-9.56
2026-09-08,6954.50,1345.60,21,67.4,6875.58,1.15,1482.15,-9.21
2026-09-09,7051.60,1336.10,21,67.1,6875.58,2.56,1482.15,-9.85
2026-09-10,7033.90,1339.20,21,67.0,6875.58,2.30,1482.15,-9.64
2026-09-11,6909.90,1345.90,21,67.4,6875.58,0.50,1482.15,-9.19
2026-09-14,6684.40,1347.30,21,66.5,6875.58,-2.78,1482.15,-9.10
2026-09-15,6627.30,1359.40,21,65.9,6875.58,-3.61,1482.15,-8.28
2026-09-16,6718.00,1368.60,21,66.3,6875.58,-2.29,1482.15,-7.66
2026-09-17,6715.40,1382.20,21,66.3,6875.58,-2.33,1482.15,-6.74
2026-09-18,6894.20,1383.30,21,67.1,6875.58,0.27,1482.15,-6.67
2026-09-21,7007.70,1381.00,21,66.8,6875.58,1.92,1482.15,-6.82
2026-09-22,7017.90,1358.20,23,67.3,6875.58,2.07,1482.15,-8.36
